,count_ASL,count_WLASL,count_MSASL,total_count
bird,1,10,31,42
fish,1,10,30,41
eat,1,7,33,41
teacher,1,8,31,40
orange,1,10,29,40
black,1,10,29,40
school,1,9,30,40
finish,1,9,30,40
yes,1,12,27,40
deaf,1,11,28,40
like,1,10,28,39
white,1,10,28,39
drink,1,15,23,39
man,1,12,26,39
what,1,12,26,39
water,1,9,28,38
where,1,7,30,38
blue,1,8,29,38
friend,1,7,29,37
yellow,1,8,28,37
mother,1,11,25,37
again,1,8,27,36
no,1,11,24,36
who,1,14,21,36
help,1,14,21,36
student,1,8,27,36
green,1,7,28,36
family,1,11,24,36
woman,1,11,24,36
tired,1,7,28,36
nice,1,6,29,36
apple,1,11,24,36
want,1,9,25,35
brown,1,8,26,35
brother,1,11,23,35
cousin,1,14,20,35
sister,1,7,27,35
learn,1,8,26,35
shirt,1,12,21,34
girl,1,9,24,34
pink,1,9,24,34
when,1,8,25,34
red,1,7,25,33
boy,1,8,24,33
walk,1,11,21,33
father,1,7,25,33
purple,1,8,24,33
cook,1,8,24,33
but,1,7,24,32
write,1,10,21,32
bathroom,1,7,24,32
fine,1,9,22,32
milk,1,5,26,32
doctor,1,10,20,31
need,1,6,24,31
book,1,6,24,31
you,1,8,22,31
draw,1,6,24,31
name,1,6,24,31
nothing,1,6,24,31
sit,1,6,23,30
computer,1,14,15,30
dog,1,11,18,30
college,1,7,22,30
good,1,10,19,30
sick,1,8,21,30
understand,1,7,22,30
hearing,1,8,21,30
forget,0,7,22,29
color,1,8,20,29
candy,1,13,15,29
class,1,9,19,29
know,1,8,20,29
tomorrow,1,7,21,29
play,1,11,17,29
france,1,6,22,29
night,1,5,23,29
son,1,10,18,29
cheese,1,7,21,29
dance,1,7,21,29
cat,1,9,19,29
turkey,1,7,21,29
grandmother,1,7,21,29
sign,1,9,18,28
aunt,1,7,20,28
english,1,5,22,28
cool,1,16,11,28
spring,1,6,21,28
now,1,9,18,28
glasses,1,9,18,28
paper,1,8,19,28
daughter,1,10,17,28
here,1,7,20,28
please,1,7,20,28
bored,1,7,19,27
thursday,1,11,15,27
sad,1,8,18,27
wife,1,8,18,27
bread,1,7,19,27
same,1,9,17,27
home,1,7,19,27
table,1,5,21,27
wednesday,1,8,18,27
jacket,1,7,19,27
future,1,9,17,27
bad,1,10,16,27
how,1,9,17,27
cold,1,12,14,27
slow,1,8,18,27
happy,1,8,18,27
pencil,1,5,20,26
shoes,1,6,19,26
day,1,9,16,26
niece,1,7,18,26
marry,1,7,18,26
box,1,7,18,26
yesterday,1,10,15,26
bed,1,13,12,26
grandfather,1,7,18,26
old,1,7,18,26
accident,1,13,12,26
uncle,1,6,19,26
lost,1,0,25,26
door,1,7,18,26
children,1,7,18,26
live,1,6,19,26
hat,1,9,16,26
hair,1,9,16,26
teach,1,7,18,26
afternoon,1,7,18,26
my,1,6,19,26
year,1,10,15,26
have,1,6,19,26
sandwich,1,10,15,26
before,1,16,9,26
work,1,10,15,26
late,1,8,16,25
read,1,6,18,25
husband,1,7,17,25
pizza,1,12,12,25
coffee,1,7,17,25
not,1,7,17,25
sunday,1,8,16,25
right,1,9,15,25
nurse,1,6,18,25
why,1,11,13,25
light,1,8,16,25
all,1,8,16,25
wrong,1,8,16,25
cow,1,9,15,25
hot,1,10,14,25
time,1,8,16,25
thin,1,16,8,25
meet,1,9,15,25
basketball,1,12,11,24
morning,1,6,17,24
outside,1,9,14,24
hungry,1,6,17,24
horse,1,4,19,24
kitchen,1,7,16,24
die,1,4,19,24
nephew,1,6,17,24
hurt,1,5,18,24
pants,1,8,15,24
banana,1,9,14,24
today,1,9,14,24
study,1,10,13,24
new,1,9,14,24
buy,1,9,14,24
graduate,1,10,13,24
watch,1,8,15,24
later,1,12,11,24
ready,1,10,12,23
we,1,7,15,23
your,1,6,16,23
bus,1,5,17,23
thanksgiving,1,13,9,23
salad,1,6,16,23
vacation,1,6,16,23
government,1,10,12,23
week,1,9,13,23
medicine,1,8,14,23
beautiful,0,7,16,23
egg,1,7,15,23
full,1,10,12,23
sweet,1,10,12,23
beard,1,9,13,23
last,1,12,10,23
cup,1,6,16,23
tea,1,7,15,23
africa,1,9,13,23
one,1,8,14,23
more,1,8,14,23
hello,1,4,18,23
ball,1,9,13,23
paint,1,7,14,22
tall,1,13,8,22
run,1,7,14,22
baby,1,9,12,22
sell,1,7,14,22
feel,1,7,14,22
go,1,15,6,22
big,1,9,12,22
boyfriend,1,5,16,22
house,1,7,14,22
letter,1,11,10,22
lunch,1,6,15,22
corn,1,12,9,22
lie,1,7,14,22
flower,1,7,14,22
some,1,7,14,22
restaurant,1,7,14,22
saturday,1,7,14,22
soda,1,6,15,22
noon,1,6,15,22
from,1,7,14,22
tiger,1,9,12,22
can,1,9,12,22
bicycle,1,6,15,22
university,1,7,14,22
train,1,9,12,22
cookie,1,8,13,22
salt,1,8,12,21
strawberry,1,8,12,21
cafeteria,1,8,12,21
australia,1,9,11,21
mexico,0,6,15,21
wood,1,6,14,21
give,1,10,10,21
dirty,1,9,11,21
grapes,1,7,13,21
two,1,6,14,21
awful,0,8,13,21
short,0,13,8,21
elephant,1,7,13,21
love,1,7,13,21
window,1,6,14,21
church,1,6,14,21
change,1,12,8,21
europe,1,7,13,21
clothes,1,5,15,21
friendly,1,7,13,21
party,1,9,11,21
music,1,8,12,21
practice,1,9,11,21
ugly,1,9,11,21
office,1,9,11,21
ten,0,5,16,21
soon,1,11,9,21
visit,1,9,11,21
early,1,6,14,21
monday,1,6,14,21
fruit,1,7,13,21
smart,1,8,11,20
remember,1,7,12,20
month,1,7,12,20
phone,1,5,14,20
principal,1,5,14,20
divorce,1,6,13,20
potato,1,8,11,20
soup,1,6,13,20
canada,1,7,12,20
bowling,1,13,6,20
adopt,1,6,13,20
asia,1,7,12,20
blanket,1,10,9,20
chocolate,1,6,13,20
meat,1,8,11,20
television,0,6,14,20
sorry,1,7,12,20
summer,1,7,12,20
fat,1,10,9,20
greece,1,7,12,20
girlfriend,0,5,15,20
dark,1,12,7,20
me,1,4,15,20
cute,1,7,12,20
russia,1,8,11,20
tuesday,1,7,12,20
movie,1,5,14,20
car,1,7,12,20
animal,1,9,10,20
cereal,1,8,11,20
hour,1,7,12,20
hamburger,1,6,13,20
city,1,9,10,20
tree,1,6,12,19
afraid,0,5,14,19
socks,1,6,12,19
take,1,11,7,19
lion,1,5,13,19
speech,0,10,9,19
important,1,8,10,19
better,1,5,13,19
bear,1,7,11,19
kiss,1,9,9,19
library,1,5,13,19
snow,1,10,8,19
leave,1,11,7,19
which,1,6,12,19
argue,1,10,8,19
mean,1,8,10,19
gold,1,4,14,19
past,1,9,9,19
thanks,0,0,19,19
many,1,10,8,19
enjoy,1,8,10,19
frog,1,7,11,19
skirt,1,6,12,19
boss,1,7,11,19
giraffe,1,7,11,19
business,1,7,11,19
bye,1,5,13,19
science,1,7,11,19
sixteen,0,6,13,19
fast,1,9,9,19
cough,1,6,12,19
wow,1,9,9,19
backpack,1,8,10,19
see,1,5,13,19
surprise,1,6,12,19
butter,1,6,12,19
mad,1,5,13,19
pregnant,1,5,13,19
find,1,8,10,19
india,0,4,15,19
people,1,6,12,19
tell,1,10,8,19
travel,1,9,9,19
dress,1,8,10,19
football,1,9,9,19
shower,1,5,13,19
weekend,1,9,9,19
friday,1,6,12,19
three,1,7,11,19
wait,1,10,7,18
everyday,1,4,13,18
with,1,8,9,18
bacon,1,7,10,18
excited,1,6,11,18
newspaper,1,4,13,18
match,1,8,9,18
police,0,8,10,18
silly,1,10,7,18
never,1,7,10,18
toast,1,10,7,18
weather,1,8,9,18
far,1,11,6,18
germany,1,6,11,18
steal,1,7,10,18
law,1,7,10,18
alone,1,9,8,18
start,1,4,13,18
delicious,1,10,7,18
seven,1,6,11,18
soccer,1,5,12,18
most,1,7,10,18
since,1,8,9,18
stay,1,9,8,18
tomato,1,8,9,18
child,1,9,8,18
dry,1,9,8,18
secretary,1,10,7,18
baseball,1,6,11,18
language,1,10,7,18
strange,1,7,10,18
show,1,9,8,18
appointment,1,10,7,18
near,1,9,8,18
pig,1,7,10,18
lazy,1,6,11,18
dentist,1,8,9,18
cry,1,10,7,18
chat,1,9,8,18
carrot,1,9,8,18
tie,1,7,10,18
first,1,9,8,18
vegetable,1,5,12,18
quiet,1,7,10,18
basement,1,6,11,18
howmany,0,0,18,18
exercise,1,5,12,18
glass,1,7,10,18
soap,1,7,10,18
key,1,6,11,18
minute,1,9,8,18
grass,1,5,12,18
alarm,1,5,12,18
history,1,8,9,18
headache,1,9,8,18
homework,1,5,11,17
bath,1,7,9,17
confused,1,6,10,17
busy,1,5,11,17
turtle,1,5,11,17
money,1,6,10,17
dinner,1,7,9,17
seem,1,6,10,17
peach,1,6,10,17
shop,1,6,10,17
ok,1,7,9,17
small,1,8,8,17
think,1,7,9,17
onion,1,8,8,17
vomit,1,9,7,17
six,1,6,10,17
pillow,1,7,9,17
israel,1,5,11,17
cracker,1,6,10,17
japan,1,7,9,17
math,1,7,9,17
complain,1,6,10,17
hospital,1,7,9,17
fly,1,8,8,17
christmas,1,8,8,17
eighteen,0,6,11,17
couch,1,5,11,17
humble,1,8,8,17
country,1,9,7,17
plus,1,7,9,17
pepper,1,7,9,17
scissors,1,8,8,17
mustache,1,5,11,17
always,1,7,9,17
gray,1,6,10,17
arrive,1,8,8,17
born,0,0,17,17
america,1,6,10,17
not know,0,0,17,17
eight,1,6,10,17
fun,1,7,9,17
knife,1,6,9,16
meeting,1,6,9,16
single,1,6,9,16
jump,1,6,9,16
laugh,1,11,4,16
back,1,7,8,16
dolphin,1,5,10,16
shy,1,6,9,16
check,1,11,4,16
strong,1,8,7,16
underwear,1,8,7,16
plate,1,5,10,16
thirsty,1,8,7,16
cost,1,6,9,16
belt,1,7,8,16
fishing,1,6,9,16
sweep,1,4,11,16
nineteen,0,6,10,16
face,1,8,7,16
stand,1,5,10,16
retire,1,7,8,16
monkey,1,7,8,16
airplane,1,7,8,16
break,1,5,10,16
star,1,7,8,16
expensive,1,8,7,16
butterfly,1,5,10,16
egypt,1,7,8,16
beer,1,8,7,16
their,0,5,11,16
internet,1,8,7,16
popcorn,1,4,11,16
breakfast,1,5,10,16
east,1,8,7,16
west,1,8,7,16
sometimes,1,5,10,16
microwave,1,7,8,16
birthday,1,6,9,16
measure,1,7,8,16
decide,1,9,6,16
dessert,1,8,7,16
deer,1,7,8,16
garage,1,3,12,16
list,1,9,6,16
iran,0,7,9,16
shock,0,9,7,16
they,1,5,10,16
boat,1,8,7,16
asl,0,4,12,16
win,1,7,8,16
fire,1,3,12,16
weak,1,7,8,16
careful,1,9,5,15
freeze cream,0,0,15,15
email,1,6,8,15
whale,1,6,8,15
four,1,5,9,15
pull,1,9,5,15
motorcycle,1,7,7,15
snake,1,7,7,15
winter,1,6,8,15
twenty,0,0,15,15
sleep,1,6,8,15
happen,1,6,8,15
shrimp,1,6,8,15
five,0,5,10,15
easter,1,7,7,15
china,1,4,10,15
nervous,0,7,8,15
hear,1,9,5,15
destroy,1,7,7,15
favorite,1,5,9,15
example,1,11,3,15
transfer,1,8,6,15
rain,1,7,7,15
up,1,7,7,15
number,0,5,10,15
together,1,6,8,15
hard of hearing,0,5,10,15
interesting,0,6,9,15
dollar,0,8,7,15
warm,1,5,9,15
schedule,0,5,10,15
camping,1,5,9,15
there,1,6,8,15
answer,1,7,7,15
spanish,0,5,10,15
cake,1,8,6,15
discuss,1,8,6,15
candle,1,6,8,15
truck,1,6,8,15
close,1,8,6,15
in,1,7,7,15
scotland,0,6,9,15
rabbit,1,8,6,15
nine,1,5,9,15
lettuce,1,7,7,15
game,1,6,8,15
pay,1,7,6,14
stupid,1,5,8,14
gossip,1,6,7,14
use,1,5,8,14
hoddog,0,0,14,14
save,1,8,5,14
fight,1,7,6,14
actor,1,6,7,14
roommate,1,5,8,14
army,1,5,8,14
area,1,7,6,14
pass,1,7,6,14
closet,1,5,8,14
center,1,7,6,14
squirrel,1,6,7,14
so,1,0,13,14
arrogant,0,6,8,14
counselor,1,4,9,14
lobster,1,7,6,14
spoon,1,4,9,14
boots,1,3,10,14
young,1,5,8,14
eyes,1,5,8,14
bald,1,7,6,14
celebrate,1,6,7,14
explain,0,7,7,14
autumn,0,7,7,14
welcome,1,5,8,14
north,1,7,6,14
midnight,0,4,10,14
stairs,1,6,7,14
spain,1,6,7,14
fox,1,7,6,14
talk,1,7,6,14
high school,0,4,10,14
parents,1,3,10,14
south,1,7,6,14
mouse,1,5,8,14
duck,1,6,7,14
front,1,8,5,14
elevator,1,6,7,14
silver,1,6,7,14
wet,1,9,4,14
stop,1,5,8,14
moon,1,7,6,14
sugar,0,7,7,14
hard,1,6,7,14
italy,1,5,8,14
rude,1,6,7,14
towel,1,5,8,14
eleven,1,0,13,14
picture,1,6,7,14
funny,1,5,8,14
heart,1,8,5,14
perfect,1,7,6,14
bowl,1,6,7,14
spider,1,6,7,14
jealous,1,8,5,14
drop,1,9,4,14
bug,1,4,9,14
sore throat,0,6,8,14
clock,1,5,8,14
street,1,6,7,14
firefighter,0,5,9,14
listen,1,7,6,14
worry,1,5,8,14
bake,1,7,6,14
pie,1,5,7,13
hurry,1,7,5,13
tend,0,3,10,13
down,1,8,4,13
laundry,0,4,9,13
earn,1,6,6,13
search,0,5,8,13
separate,0,6,7,13
trade,0,13,0,13
few,1,5,7,13
floor,1,6,6,13
group,1,8,4,13
total,1,5,7,13
world,1,6,6,13
build,0,6,7,13
cloud,1,8,4,13
equal,1,6,6,13
disappear,1,7,5,13
not want,0,0,13,13
biology,1,6,6,13
therapy,1,6,6,13
golf,1,7,5,13
ireland,0,4,9,13
sweater,1,6,6,13
his,1,4,8,13
dorm,0,6,7,13
join,1,8,4,13
often,1,6,6,13
get up,0,6,7,13
copy,1,8,4,13
gone,1,5,7,13
head,1,6,6,13
radio,1,6,6,13
lemon,1,8,4,13
lousy,1,6,6,13
maybe,1,6,6,13
traffic,1,6,6,13
all day,0,5,8,13
cherry,1,5,7,13
cant,0,0,13,13
piano,1,5,7,13
earthquake,1,5,7,13
research,1,7,5,13
bright,1,6,6,13
drive,1,7,5,13
mountain,1,5,7,13
sun,1,6,6,13
swimming,0,6,7,13
nose,1,6,6,13
hanukkah,1,4,8,13
worm,1,6,6,13
cheap,1,7,5,13
wall,1,5,7,13
bedroom,1,6,6,13
dictionary,1,6,6,13
apartment,0,6,7,13
stubborn,1,7,5,13
librarian,0,4,9,13
our,1,4,8,13
umbrella,1,6,6,13
lawyer,1,5,7,13
if,1,6,6,13
call,1,12,0,13
sweetheart,1,6,6,13
get,1,7,5,13
goat,1,6,6,13
hockey,1,5,6,12
fail,1,6,5,12
comfortable,1,7,4,12
easy,1,6,5,12
freeze,1,7,4,12
upset,1,9,2,12
angry,1,7,4,12
sew,1,4,7,12
snob,1,6,5,12
south america,0,6,6,12
hit,1,6,5,12
ask,1,7,4,12
education,0,5,7,12
pet,1,5,6,12
believe,1,7,4,12
plan,1,7,4,12
crazy,1,7,4,12
magazine,1,5,6,12
fence,1,6,5,12
theater,0,4,8,12
for,1,5,6,12
switzerland,1,6,5,12
polite,0,6,6,12
champion,1,11,0,12
wedding,1,7,4,12
environment,1,11,0,12
challenge,1,6,5,12
ticket,1,6,5,12
depressed,0,5,7,12
rubber,0,5,7,12
screwdriver,1,6,5,12
twelve,0,0,12,12
refuse,1,6,5,12
left,1,5,6,12
stuck,1,4,7,12
engineer,1,5,6,12
bar,1,11,0,12
interpreter,1,5,6,12
throw,1,7,4,12
room,1,11,0,12
watermelon,0,5,7,12
after,1,7,4,12
physics,1,6,5,12
mushroom,1,5,6,12
senior,0,6,6,12
last year,0,6,6,12
tennis,1,6,5,12
artist,0,5,7,12
thirteen,0,0,12,12
follow,1,9,2,12
gym,1,0,11,12
sleepy,0,5,7,12
mouth,1,5,6,12
score,1,11,0,12
strict,1,6,5,12
halloween,1,9,2,12
ocean,1,5,6,12
i,0,4,8,12
chemistry,0,6,6,12
make,1,9,2,12
open,1,7,4,12
team,1,6,5,12
classroom,0,5,7,12
date,1,5,6,12
loud,1,6,5,12
next week,0,0,12,12
any,1,5,6,12
rest,1,6,5,12
swim,1,4,6,11
major,1,5,5,11
austria,0,4,7,11
cheat,1,10,0,11
interest,1,10,0,11
rainbow,1,5,5,11
convince,1,10,0,11
adult,1,7,3,11
both,1,6,4,11
still,1,5,5,11
metal,1,4,6,11
order,1,10,0,11
mix,1,6,4,11
furniture,1,3,7,11
move,1,10,0,11
fix,1,6,4,11
algebra,0,5,6,11
also,0,7,4,11
stamp,1,5,5,11
juice,1,0,10,11
wine,1,5,5,11
dresser,1,0,10,11
accept,1,8,2,11
bookstore,0,4,7,11
broke,0,5,6,11
perspective,1,10,0,11
cent,0,6,5,11
and,1,5,5,11
flag,1,6,4,11
half,1,5,5,11
delay,0,11,0,11
lead,1,7,3,11
volleyball,1,5,5,11
balance,1,10,0,11
theory,1,10,0,11
guilty,1,7,3,11
cuba,0,3,8,11
rock,1,6,4,11
manager,0,5,6,11
famous,1,6,4,11
sheep,1,5,5,11
sweden,0,4,7,11
proud,0,5,6,11
push,1,6,4,11
freeway,1,4,6,11
not yet,0,4,7,11
not like,0,0,11,11
not understand,0,0,11,11
every morning,0,0,11,11
loan,0,3,8,11
jail,0,5,6,11
inform,0,9,2,11
island,1,6,4,11
because,1,10,0,11
go to,0,0,11,11
due,1,6,4,11
last week,0,5,6,11
scientist,1,5,4,10
next,1,5,4,10
dizzy,1,4,5,10
become,1,5,4,10
poor,1,6,3,10
mischievous,1,0,9,10
decorate,1,9,0,10
geometry,0,5,5,10
catch,1,9,0,10
improve,1,9,0,10
crash,1,9,0,10
bathtub,1,0,9,10
cochlear implant,0,7,3,10
great,1,9,0,10
shark,1,0,9,10
necklace,1,9,0,10
awkward,1,7,2,10
sneeze,1,4,5,10
envelope,1,4,5,10
long,1,5,4,10
form,1,9,0,10
calculus,0,5,5,10
gum,1,6,3,10
bitter,0,8,2,10
minus,0,4,6,10
true,1,5,4,10
hope,1,9,0,10
photographer,0,5,5,10
serious,1,6,3,10
pear,1,3,6,10
introduce,1,6,3,10
voice,1,9,0,10
barely,1,9,0,10
about,1,7,2,10
grammar,1,9,0,10
focus,1,0,9,10
gymnastics,0,4,6,10
add,1,9,0,10
lose,1,9,0,10
lonely,1,6,3,10
california,1,9,0,10
balloon,1,9,0,10
fifteen,0,0,10,10
dive,1,9,0,10
netherlands,0,0,10,10
river,1,5,4,10
rich,1,6,3,10
president,1,9,0,10
how are you,0,0,10,10
brave,1,5,4,10
flirt,0,6,4,10
fault,1,9,0,10
seventeen,0,0,10,10
point,1,9,0,10
fingerspell,1,3,6,10
whats up,0,0,10,10
problem,1,9,0,10
every night,0,0,10,10
swing,1,4,5,10
spring up,0,0,10,10
tease,1,8,0,9
develop,1,8,0,9
norway,0,0,9,9
wind,1,8,0,9
curious,1,6,2,9
different,1,8,0,9
tent,1,8,0,9
idea,1,8,0,9
intersection,0,4,5,9
send,1,5,3,9
miss,1,8,0,9
soft,1,8,0,9
melon,1,0,8,9
personality,0,4,5,9
postpone,1,8,0,9
relationship,1,5,3,9
waiter,1,3,5,9
disconnect,1,8,0,9
poland,0,0,9,9
mirror,1,8,0,9
vote,1,8,0,9
farm,1,8,0,9
around,0,5,4,9
museum,1,5,3,9
health,1,6,2,9
deep,1,8,0,9
next year,0,0,9,9
sunset,1,8,0,9
annoy,0,4,5,9
that,1,4,4,9
stress,1,8,0,9
ago,0,9,0,9
come,1,6,2,9
ski,1,2,6,9
finland,0,0,9,9
fourteen,0,0,9,9
dumb,1,4,4,9
accountant,1,5,3,9
subway,0,5,4,9
special,1,8,0,9
bark,1,8,0,9
scared,1,8,0,9
excuse me,0,0,9,9
cancel,1,8,0,9
every afternoon,0,0,9,9
demand,1,8,0,9
camera,1,5,3,9
possible,1,8,0,9
scarf,1,0,8,9
town,0,9,0,9
secret,1,8,0,9
word,1,8,0,9
blind,1,8,0,9
ring,1,5,3,9
cut,1,8,0,9
bottom,1,8,0,9
helicopter,1,8,0,9
stink,1,8,0,9
iraq,0,0,9,9
mechanic,1,6,2,9
analyze,1,8,0,9
ear,1,8,0,9
hong kong,0,0,9,9
ride,1,8,0,9
frustrated,0,0,9,9
straight,1,8,0,9
france fries,0,0,9,9
test,1,8,0,9
sign language,0,5,4,9
psychology,1,6,2,9
march,1,7,1,9
rob,1,8,0,9
bother,1,8,0,9
several,1,4,4,9
disgusted,0,4,5,9
escape,1,8,0,9
innocent,1,4,4,9
bring,1,8,0,9
correct,0,9,0,9
free,1,4,4,9
dining room,0,5,4,9
result,1,7,0,8
hawaii,1,7,0,8
shine,0,8,0,8
without,1,7,0,8
clean,1,7,0,8
calm,1,7,0,8
must,1,7,0,8
vice president,0,4,4,8
carry,1,7,0,8
already,0,8,0,8
allow,0,8,0,8
patient,1,7,0,8
spaghetti,1,0,7,8
quit,1,7,0,8
allergy,0,8,0,8
bank,1,3,4,8
power,1,7,0,8
temperature,0,8,0,8
gas,1,7,0,8
psychologist,1,3,4,8
during,0,5,3,8
function,1,7,0,8
dinosaur,1,7,0,8
every week,0,0,8,8
drunk,1,7,0,8
eagle,1,7,0,8
finally,1,7,0,8
gasoline,0,4,4,8
doll,1,7,0,8
opinion,1,7,0,8
cabinets,0,0,8,8
autumn in love,0,0,8,8
story,1,7,0,8
religion,1,7,0,8
approve,0,8,0,8
contact,1,7,0,8
none,1,7,0,8
all night,0,0,8,8
calendar,1,0,7,8
desert,1,7,0,8
stomach,1,7,0,8
arm,1,7,0,8
kill,1,7,0,8
surgery,1,7,0,8
linguistics,1,7,0,8
question,0,5,3,8
overwhelm,0,8,0,8
negative,1,7,0,8
bottle,1,7,0,8
benefit,1,7,0,8
grey,0,2,6,8
rough,1,7,0,8
independent,1,7,0,8
caption,1,7,0,8
stare,1,7,0,8
sour,1,7,0,8
pineapple,1,0,7,8
attitude,1,7,0,8
straw,1,7,0,8
her,0,8,0,8
sink,1,0,7,8
until,1,7,0,8
presentation,0,8,0,8
event,1,7,0,8
present,0,8,0,8
goal,1,7,0,8
middle,1,7,0,8
hate,1,4,3,8
invest,1,7,0,8
lucky,1,7,0,8
reason,1,7,0,8
obsess,1,7,0,8
translate,1,7,0,8
vacuum,1,0,7,8
napkin,1,7,0,8
judge,1,5,2,8
spray,0,8,0,8
spin,0,8,0,8
chain,1,7,0,8
sky,0,8,0,8
share,1,7,0,8
expert,1,7,0,8
angel,1,7,0,8
shape,1,7,0,8
god,1,7,0,8
remove,1,7,0,8
quarter,1,5,2,8
only,0,6,2,8
respect,1,7,0,8
avoid,1,7,0,8
chop,1,7,0,8
off,1,7,0,8
war,1,7,0,8
korea,0,0,8,8
card,0,8,0,8
medium,0,0,8,8
conflict,1,7,0,8
long hair,0,0,8,8
living room,0,0,8,8
bracelet,1,7,0,8
ketchup,0,0,8,8
sentence,1,7,0,8
tournament,1,7,0,8
dissolve,1,7,0,8
swallow,1,7,0,8
really,1,7,0,8
violin,1,7,0,8
drawer,1,7,0,8
chair,1,7,0,8
brush,1,7,0,8
come here,0,8,0,8
struggle,1,7,0,8
document,1,7,0,8
exchange,0,8,0,8
nice to meet you,0,0,8,8
topic,1,7,0,8
smile,1,7,0,8
character,1,7,0,8
guitar,1,7,0,8
third,1,7,0,8
volunteer,1,7,0,8
lecture,1,7,0,8
choice,0,8,0,8
choose,0,8,0,8
age,1,7,0,8
to,1,7,0,8
culture,1,4,3,8
evidence,1,7,0,8
project,1,7,0,8
person,1,7,0,8
forest,1,7,0,8
complex,1,7,0,8
recent,1,7,0,8
appear,1,7,0,8
art,1,7,0,8
glue,1,0,7,8
taiwan,0,0,8,8
cop,0,8,0,8
vietnam,0,0,8,8
king,1,7,0,8
memorize,1,7,0,8
sound,1,7,0,8
structure,1,7,0,8
experience,1,7,0,8
bet,1,6,0,7
jewelry,1,6,0,7
text,1,6,0,7
oversleep,0,0,7,7
influence,1,6,0,7
stadium,1,6,0,7
borrow,1,6,0,7
senate,1,6,0,7
service,0,7,0,7
while,1,6,0,7
between,1,6,0,7
embarrass,1,6,0,7
wallet,1,6,0,7
count,1,6,0,7
grow,1,6,0,7
triangle,1,6,0,7
prepare,0,7,0,7
taste,1,6,0,7
puzzled,1,6,0,7
rule,1,6,0,7
nosy,0,0,7,7
try,1,6,0,7
chase,1,6,0,7
much,1,6,0,7
proof,1,6,0,7
herself,0,7,0,7
skin,1,6,0,7
quick,0,7,0,7
wolf,1,6,0,7
raccoon,0,7,0,7
revenge,1,6,0,7
line,1,6,0,7
label,1,6,0,7
cemetery,1,6,0,7
deodorant,1,6,0,7
professional,0,7,0,7
depend,0,7,0,7
rehearse,0,7,0,7
describe,0,7,0,7
experiment,1,6,0,7
end,1,6,0,7
fake,1,6,0,7
represent,0,7,0,7
bell,1,6,0,7
energy,1,6,0,7
cannot,1,6,0,7
lesbian,1,6,0,7
slave,1,6,0,7
myself,1,6,0,7
honor,1,6,0,7
review,0,7,0,7
procrastinate,0,7,0,7
feedback,1,6,0,7
private,0,7,0,7
tissue,1,6,0,7
rise,0,7,0,7
flute,1,6,0,7
exam,0,0,7,7
sculpture,1,6,0,7
coach,1,6,0,7
inside,1,6,0,7
wristwatch,1,6,0,7
provide,1,6,0,7
lock,1,6,0,7
fold,1,6,0,7
suspect,1,6,0,7
rat,1,6,0,7
arrest,1,6,0,7
gallaudet,1,4,2,7
wide,1,6,0,7
price,1,6,0,7
machine,1,6,0,7
wear,1,6,0,7
subtract,1,6,0,7
geography,0,7,0,7
weight,1,6,0,7
bless,1,6,0,7
hammer,1,6,0,7
insurance,1,6,0,7
neutral,1,6,0,7
denmark,0,0,7,7
situation,1,6,0,7
guess,1,6,0,7
double,1,6,0,7
action,1,6,0,7
educate,0,7,0,7
doubt,1,6,0,7
food,0,7,0,7
flexible,0,7,0,7
hippo,1,0,6,7
bee,1,6,0,7
brush teeth,0,0,7,7
best friend,0,0,7,7
building,1,6,0,7
emergency,0,4,3,7
emotion,1,6,0,7
encourage,0,7,0,7
responsibility,1,6,0,7
policy,1,6,0,7
lift,1,6,0,7
diaper,1,6,0,7
comb,1,6,0,7
sports,1,0,6,7
body,1,6,0,7
earth,1,6,0,7
degree,1,6,0,7
store,0,7,0,7
certificate,1,6,0,7
earring,1,6,0,7
forever,1,6,0,7
expect,1,6,0,7
parade,1,6,0,7
spirit,0,7,0,7
dream,1,6,0,7
diamond,1,6,0,7
photography,1,0,6,7
divide,1,6,0,7
cause,1,6,0,7
locker,1,0,6,7
themselves,0,7,0,7
slip,1,6,0,7
bite,1,6,0,7
leaf,1,6,0,7
hearing help,0,0,7,7
thank you,0,7,0,7
keyboard,1,6,0,7
relief,1,6,0,7
feed,1,6,0,7
less than,0,0,7,7
wash,1,6,0,7
support,1,6,0,7
lend,1,6,0,7
take turns,0,7,0,7
fancy,0,7,0,7
popular,1,6,0,7
agreement,1,6,0,7
discover,0,7,0,7
wash face,0,2,5,7
high,1,6,0,7
prison,1,6,0,7
compare,0,7,0,7
vocabulary,1,6,0,7
infection,1,6,0,7
tough,1,6,0,7
belief,0,7,0,7
birth,1,6,0,7
mom,0,7,0,7
peaceful,0,7,0,7
top,1,6,0,7
lesson,1,6,0,7
brag,1,6,0,7
look at,0,2,5,7
away,1,6,0,7
race,1,6,0,7
tape,1,0,6,7
care,0,7,0,7
philosophy,1,6,0,7
worse,1,6,0,7
breathe,1,6,0,7
put,1,6,0,7
camp,0,5,2,7
highway,0,7,0,7
unique,1,6,0,7
continue,1,6,0,7
contribute,0,7,0,7
impossible,1,6,0,7
network,1,6,0,7
ghost,1,6,0,7
attention,1,6,0,7
large,0,7,0,7
queen,1,6,0,7
land,1,6,0,7
siren,1,6,0,7
beginning,0,7,0,7
ice cream,0,7,0,7
neck,1,6,0,7
audience,1,6,0,7
keep,1,6,0,7
calculate,0,7,0,7
neighbor,0,7,0,7
should,1,6,0,7
over,1,6,0,7
wrap,1,6,0,7
limit,0,7,0,7
very,1,6,0,7
program,1,6,0,7
ceiling,1,6,0,7
laptop,1,6,0,7
lightning,1,6,0,7
predict,1,6,0,7
christian,0,7,0,7
a lot,0,7,0,7
punish,1,6,0,7
information,0,7,0,7
specific,1,6,0,7
dad,0,7,0,7
community,1,6,0,7
blame,1,6,0,7
print,1,6,0,7
bat,1,0,5,6
pour,1,5,0,6
role,1,5,0,6
affect,0,6,0,6
release,1,5,0,6
notice,0,6,0,6
beg,1,5,0,6
against,1,5,0,6
trophy,1,5,0,6
tale,0,6,0,6
disgust,0,6,0,6
once,1,5,0,6
general,0,6,0,6
berry,1,5,0,6
adapt,0,6,0,6
symbol,0,6,0,6
telephone,0,6,0,6
refrigerator,1,0,5,6
lamp,1,2,3,6
trip,1,5,0,6
death,1,5,0,6
curly hair,0,0,6,6
hold,1,5,0,6
dormitory,1,5,0,6
electrician,1,5,0,6
rooster,1,5,0,6
wonder,1,5,0,6
gorilla,1,5,0,6
sprint,0,6,0,6
heap,1,5,0,6
category,1,5,0,6
assistant,1,5,0,6
assist,1,5,0,6
average,1,5,0,6
fact,0,6,0,6
dangerous,0,6,0,6
ignore,1,5,0,6
give up,0,6,0,6
blood,1,5,0,6
tradition,1,5,0,6
surface,0,6,0,6
former,1,5,0,6
toilet,1,5,0,6
heaven,1,5,0,6
serve,1,5,0,6
suggest,0,6,0,6
comment,1,5,0,6
kindergarten,1,5,0,6
microphone,1,5,0,6
gather,0,6,0,6
guide,1,5,0,6
across,0,6,0,6
steel,0,6,0,6
temple,0,6,0,6
awake,1,5,0,6
empty,1,5,0,6
below,0,6,0,6
kick,1,5,0,6
french,1,5,0,6
owe,1,5,0,6
admit,1,5,0,6
snowman,1,5,0,6
monster,1,5,0,6
circle,1,5,0,6
magic,1,5,0,6
muscle,1,5,0,6
public,1,5,0,6
investigate,0,6,0,6
flat tire,0,0,6,6
erase,1,5,0,6
cross,1,5,0,6
trust,0,6,0,6
mainstream,1,5,0,6
mind,1,5,0,6
parallel,1,5,0,6
pride,1,5,0,6
act,1,5,0,6
crab,0,6,0,6
type,1,5,0,6
wonderful,0,6,0,6
impact,1,5,0,6
apostrophe,0,6,0,6
evaluate,1,5,0,6
meaning,0,2,4,6
witness,0,6,0,6
invite,1,5,0,6
promise,1,5,0,6
shame,1,5,0,6
honest,1,5,0,6
clown,1,5,0,6
inspire,1,5,0,6
willing,0,6,0,6
coconut,1,5,0,6
angle,0,6,0,6
motivate,0,6,0,6
curse,0,6,0,6
tornado,1,5,0,6
hid,0,0,6,6
clueless,1,5,0,6
hi,0,0,6,6
buffalo,1,5,0,6
thailand,0,6,0,6
hurricane,1,5,0,6
nut,1,5,0,6
curriculum,0,6,0,6
don't want,0,6,0,6
terrible,0,6,0,6
tender,0,6,0,6
under,1,5,0,6
admire,1,5,0,6
waste,1,5,0,6
twins,1,0,5,6
eraser,1,5,0,6
member,1,5,0,6
place,1,5,0,6
committee,1,5,0,6
weird,1,5,0,6
dull,0,6,0,6
bully,0,6,0,6
tooth,0,6,0,6
bush,0,6,0,6
chance,1,5,0,6
shelf,1,5,0,6
resign,1,5,0,6
blow,1,5,0,6
policeman,1,5,0,6
interview,1,5,0,6
summon,1,5,0,6
hallway,0,0,6,6
thousand,0,6,0,6
thing,0,6,0,6
multiply,0,6,0,6
slide,1,0,5,6
spell,0,6,0,6
less,1,5,0,6
pretty,1,5,0,6
workshop,1,5,0,6
behind,1,5,0,6
puerto rico,0,0,6,6
smell,1,5,0,6
exact,0,6,0,6
pain,1,5,0,6
hide,1,5,0,6
every year,0,0,6,6
society,1,5,0,6
shelves,0,0,6,6
other,1,5,0,6
phrase,0,6,0,6
recover,0,6,0,6
vampire,1,5,0,6
physician,0,6,0,6
stove,0,0,6,6
demonstrate,0,6,0,6
catholic,1,5,0,6
joke,1,5,0,6
then,1,5,0,6
philippines,0,0,6,6
cigarette,1,5,0,6
fool,1,5,0,6
truth,1,5,0,6
require,0,6,0,6
yourself,1,5,0,6
page,1,5,0,6
behavior,1,5,0,6
bull,1,5,0,6
perfume,1,5,0,6
touch,1,5,0,6
sure,1,5,0,6
sensitive,1,5,0,6
accent,1,5,0,6
heavy,1,5,0,6
plant,1,5,0,6
smooth,1,5,0,6
hill,0,3,3,6
safe,1,5,0,6
pocket,0,6,0,6
quote,0,6,0,6
enough,1,5,0,6
august,0,6,0,6
hotel,1,0,5,6
compromise,0,6,0,6
visualize,1,5,0,6
he,1,0,5,6
pound,0,6,0,6
french fries,0,6,0,6
deduct,0,6,0,6
announce,1,5,0,6
accomplish,1,5,0,6
confront,0,6,0,6
wander,1,5,0,6
poop,1,5,0,6
pray,0,6,0,6
best,1,5,0,6
replace,1,5,0,6
pumpkin,1,5,0,6
precipitation,0,6,0,6
fourth,1,5,0,6
faculty,1,5,0,6
printer,0,6,0,6
overlook,1,5,0,6
tongue,1,5,0,6
warn,1,5,0,6
shampoo,1,5,0,6
purpose,0,6,0,6
publish,0,6,0,6
duty,1,5,0,6
april,1,5,0,6
protect,0,6,0,6
honey,1,5,0,6
owl,1,5,0,6
reduce,1,5,0,6
technology,1,5,0,6
politics,0,6,0,6
sing,1,5,0,6
amazing,1,5,0,6
octopus,1,5,0,6
helmet,1,5,0,6
dig,1,5,0,6
instead,1,5,0,6
skunk,1,5,0,6
sketch,0,6,0,6
tan,1,5,0,6
athlete,1,0,5,6
design,1,5,0,6
quality,1,5,0,6
calculator,1,5,0,6
hug,1,5,0,6
cabinet,1,5,0,6
enter,1,5,0,6
similar,0,6,0,6
rose,1,5,0,6
holy,1,5,0,6
clear,1,5,0,6
way,1,5,0,6
normal,1,5,0,6
beach,1,0,5,6
eye,0,6,0,6
out,1,5,0,6
desk,0,6,0,6
maximum,0,6,0,6
thermometer,1,5,0,6
rake,1,5,0,6
plenty,1,5,0,6
institute,1,5,0,6
shoot,1,5,0,6
commute,1,5,0,6
do,0,0,6,6
sticky,1,5,0,6
skinny,0,6,0,6
choir,0,6,0,6
solid,0,6,0,6
constitution,0,6,0,6
diarrhea,0,6,0,6
danger,1,5,0,6
deny,1,5,0,6
offer,0,6,0,6
precious,1,5,0,6
congress,0,6,0,6
square,1,5,0,6
positive,1,5,0,6
clever,0,6,0,6
she,0,6,0,6
manage,1,5,0,6
period,1,5,0,6
visitor,1,5,0,6
jewish,1,5,0,6
toothbrush,1,5,0,6
engaged,0,0,6,6
say,0,6,0,6
pick,1,5,0,6
on,1,5,0,6
above,1,5,0,6
path,0,6,0,6
jesus,0,6,0,6
side,1,5,0,6
trouble,1,5,0,6
embarrassed,0,0,6,6
leak,1,5,0,6
pack,1,5,0,6
rush,1,5,0,6
kid,1,5,0,6
priest,1,5,0,6
apart,1,5,0,6
drum,1,5,0,6
corner,1,5,0,6
hunt,1,5,0,6
gamble,1,5,0,6
second,0,6,0,6
staff,1,5,0,6
operate,0,6,0,6
attract,0,6,0,6
pity,1,5,0,6
paragraph,1,5,0,6
sequence,1,5,0,6
binoculars,1,4,0,5
beside,0,5,0,5
background,0,5,0,5
baptize,0,5,0,5
forgive,0,5,0,5
january,0,5,0,5
electricity,0,5,0,5
roof,1,4,0,5
chapter,0,5,0,5
final,0,5,0,5
common sense,0,5,0,5
chicken,0,5,0,5
gay,1,4,0,5
increase,0,5,0,5
nuts,0,0,5,5
peace,1,4,0,5
oh i see,0,0,5,5
image,0,5,0,5
climb,0,5,0,5
clumsy,0,5,0,5
coat,0,5,0,5
command,0,5,0,5
play cardss,0,0,5,5
every tuesday,0,5,0,5
common,0,5,0,5
illegal,0,5,0,5
identify,0,5,0,5
except,0,5,0,5
short hair,0,0,5,5
every,0,5,0,5
take care,0,0,5,5
that one,0,0,5,5
complete,0,5,0,5
concern,0,5,0,5
exaggerate,0,5,0,5
insect,0,5,0,5
chemical,0,5,0,5
conversation,0,5,0,5
eternity,0,5,0,5
engage,0,5,0,5
involve,0,5,0,5
freshman,0,0,5,5
blend,0,5,0,5
brief,0,5,0,5
control,0,5,0,5
engine,0,5,0,5
england,0,5,0,5
enormous,0,5,0,5
i love you,0,0,5,5
establish,0,5,0,5
every monday,0,5,0,5
authority,0,5,0,5
jam,0,0,5,5
fear,0,5,0,5
button,0,5,0,5
construct,0,5,0,5
candidate,0,5,0,5
interrupt,0,5,0,5
more than,0,0,5,5
musician,0,0,5,5
carnival,0,5,0,5
fall in love,0,5,0,5
inspect,0,5,0,5
false,0,0,5,5
thick,0,5,0,5
from now on,0,5,0,5
size,0,5,0,5
cards,1,4,0,5
silent,0,5,0,5
diabetes,0,5,0,5
september,0,5,0,5
selfish,0,5,0,5
mosquito,1,4,0,5
teeth,1,4,0,5
opposite,0,5,0,5
sea,0,5,0,5
organize,0,5,0,5
satisfy,0,5,0,5
overcome,0,5,0,5
salary,0,5,0,5
grateful,0,5,0,5
defeat,1,4,0,5
painter,0,5,0,5
robber,0,5,0,5
simple,0,5,0,5
skeleton,0,5,0,5
alcohol,1,4,0,5
advantage,1,4,0,5
diploma,0,5,0,5
numerous,0,5,0,5
obtain,0,5,0,5
dime,0,5,0,5
speed,0,5,0,5
speak,0,5,0,5
turn,1,4,0,5
october,0,5,0,5
odor,0,5,0,5
soul,0,5,0,5
song,0,5,0,5
scold,1,4,0,5
someday,0,5,0,5
crocodile,1,4,0,5
snack,0,5,0,5
article,1,4,0,5
graduation,0,5,0,5
pause,0,5,0,5
reveal,0,5,0,5
goodbye,0,5,0,5
hearing aid,0,5,0,5
polar bear,0,5,0,5
prove,0,5,0,5
heart attack,0,5,0,5
decrease,0,5,0,5
professor,0,5,0,5
potential,0,5,0,5
principle,0,5,0,5
everything,1,4,0,5
prevent,0,5,0,5
drug,1,4,0,5
pressure,0,5,0,5
defend,0,5,0,5
basic,1,4,0,5
will,1,4,0,5
praise,0,5,0,5
preach,0,5,0,5
murder,1,4,0,5
put off,0,5,0,5
dye,1,4,0,5
dead,0,5,0,5
receive,0,5,0,5
reputation,0,5,0,5
repeat,0,5,0,5
rent,0,5,0,5
peanut butter,0,5,0,5
deposit,0,5,0,5
remote control,0,5,0,5
rely,0,5,0,5
relate,0,5,0,5
reject,0,5,0,5
referee,0,5,0,5
pennsylvania,0,5,0,5
melt,1,4,0,5
december,0,5,0,5
robot,1,4,0,5
refer,0,5,0,5
pneumonia,0,5,0,5
recognize,0,5,0,5
abdomen,0,5,0,5
standard,0,5,0,5
joy,0,5,0,5
cover,0,5,0,5
worker,0,5,0,5
approach,0,5,0,5
dusk,0,5,0,5
appreciate,0,5,0,5
appetite,0,5,0,5
another,0,5,0,5
melody,0,5,0,5
within,0,5,0,5
message,0,5,0,5
waterfall,0,5,0,5
washington,0,5,0,5
crave,0,5,0,5
host,0,5,0,5
wake up,0,5,0,5
viewpoint,0,5,0,5
anniversary,0,5,0,5
united states,0,5,0,5
pancake,1,0,4,5
worthless,0,5,0,5
dice,1,4,0,5
explode,1,4,0,5
june,0,5,0,5
lady,0,5,0,5
auction,0,5,0,5
funeral,0,5,0,5
economics,0,0,5,5
oral,1,4,0,5
ears,0,0,5,5
attend,0,5,0,5
hot dog,0,5,0,5
leader,0,5,0,5
liability,0,5,0,5
archery,0,5,0,5
apply,0,0,5,5
counsel,0,5,0,5
appropriate,0,5,0,5
all morning,0,0,5,5
economy,0,5,0,5
twin,0,5,0,5
tutor,0,5,0,5
able,0,5,0,5
alligator,0,5,0,5
aim,0,5,0,5
aid,0,5,0,5
hop,1,4,0,5
telescope,0,5,0,5
canoe,1,4,0,5
agree,0,5,0,5
daily,0,5,0,5
swimsuit,0,5,0,5
discipline,0,5,0,5
stir,1,4,0,5
disagree,0,5,0,5
dirt,0,5,0,5
november,0,5,0,5
sunshine,0,5,0,5
activity,0,5,0,5
suffer,0,5,0,5
active,0,5,0,5
rope,1,4,0,5
almost,0,5,0,5
tranquil,0,5,0,5
bone,1,4,0,5
something,1,4,0,5
motor,0,5,0,5
tonight,0,5,0,5
title,0,5,0,5
drama,0,5,0,5
through,0,5,0,5
throat,0,5,0,5
thrill,0,5,0,5
done,0,5,0,5
amputate,0,5,0,5
theme,0,5,0,5
them,0,5,0,5
thankful,0,5,0,5
nation,0,5,0,5
german,0,5,0,5
disturb,0,5,0,5
testify,0,5,0,5
connect,0,5,0,5
shave,1,4,0,5
each,1,4,0,5
kneel,1,4,0,5
process,1,4,0,5
rescue,1,4,0,5
verb,1,4,0,5
iron,1,4,0,5
congratulations,1,4,0,5
mine,1,4,0,5
boil,1,4,0,5
misunderstand,1,4,0,5
breakdown,1,4,0,5
suspend,1,4,0,5
request,1,4,0,5
concept,1,4,0,5
choke,1,4,0,5
slice,1,4,0,5
regular,1,4,0,5
babysitter,1,4,0,5
valley,1,4,0,5
burp,1,4,0,5
relax,1,4,0,5
zero,1,4,0,5
cheerleader,1,4,0,5
bridge,1,4,0,5
vlog,1,4,0,5
bra,1,4,0,5
arizona,1,4,0,5
click,1,4,0,5
squeeze,1,4,0,5
journey,1,4,0,5
tobacco,1,4,0,5
shoulder,1,4,0,5
february,1,4,0,5
create,1,4,0,5
camel,1,4,0,5
stretch,1,4,0,5
boxing,1,4,0,5
address,1,4,0,5
fork,1,4,0,5
crown,1,4,0,5
skill,1,4,0,5
interpret,1,4,0,5
than,1,4,0,5
parachute,1,4,0,5
spread,1,4,0,5
pickle,1,4,0,5
express,1,4,0,5
sausage,1,4,0,5
junior,1,0,4,5
peel,1,4,0,5
gun,1,4,0,5
microscope,1,4,0,5
engagement,1,4,0,5
priority,1,4,0,5
generation,1,4,0,5
finance,1,4,0,5
gift,1,4,0,5
philadelphia,1,4,0,5
wheelchair,1,4,0,5
roar,1,4,0,5
percent,1,4,0,5
consume,1,4,0,5
department,1,4,0,5
director,1,4,0,5
road,1,4,0,5
lipstick,1,4,0,5
forbid,1,4,0,5
whatever,1,4,0,5
grab,1,4,0,5
sauce,1,4,0,5
wish,1,4,0,5
alphabet,1,4,0,5
moose,1,4,0,5
dancer,1,4,0,5
sympathy,1,4,0,5
promote,1,4,0,5
habit,1,4,0,5
sunrise,1,4,0,5
spill,1,4,0,5
ruin,1,4,0,5
eyeglasses,1,4,0,5
sofa,1,4,0,5
skate,1,4,0,5
permit,0,4,0,4
penalty,0,4,0,4
value,1,3,0,4
rather,0,4,0,4
cooperate,1,3,0,4
pay attention,0,4,0,4
reply,0,4,0,4
real,0,4,0,4
part,0,4,0,4
somewhere,0,4,0,4
p,0,4,0,4
spit,0,4,0,4
solve,0,4,0,4
haircut,1,3,0,4
q,0,4,0,4
statistics,0,4,0,4
downstairs,0,4,0,4
narrow,0,4,0,4
necessary,0,4,0,4
new york,0,4,0,4
recommend,0,4,0,4
nickel,0,4,0,4
stitch,0,4,0,4
dragon,1,3,0,4
responsible,0,4,0,4
realize,0,4,0,4
northwest,0,4,0,4
league,1,3,0,4
nun,0,4,0,4
o,0,4,0,4
objective,0,4,0,4
odd,0,4,0,4
piece,0,4,0,4
rage,0,4,0,4
snowboard,1,0,3,4
pursue,0,4,0,4
excuse,1,3,0,4
s,0,4,0,4
pure,0,4,0,4
purchase,0,4,0,4
license,1,3,0,4
prostitute,0,4,0,4
proper,0,4,0,4
progress,0,4,0,4
scream,1,3,0,4
profit,0,4,0,4
or,1,3,0,4
settle,0,4,0,4
ridiculous,0,4,0,4
quarrel,0,4,0,4
salute,0,4,0,4
sophomore,1,0,3,4
precise,0,4,0,4
retreat,0,4,0,4
poverty,0,4,0,4
sin,0,4,0,4
sting,1,3,0,4
battery,1,3,0,4
singer,0,4,0,4
r,0,4,0,4
position,0,4,0,4
skip,0,4,0,4
player,0,4,0,4
soldier,0,4,0,4
pilot,0,4,0,4
penny,1,3,0,4
yearbook,0,0,4,4
n,0,4,0,4
resist,1,3,0,4
cruel,0,4,0,4
knock,1,3,0,4
f,0,4,0,4
court,0,4,0,4
fairy,0,4,0,4
convert,0,4,0,4
farmer,0,4,0,4
contest,0,4,0,4
consider,0,4,0,4
conquer,0,4,0,4
federal,0,4,0,4
preacher,1,3,0,4
festival,0,4,0,4
compete,0,4,0,4
flatter,0,4,0,4
company,0,4,0,4
commit,0,4,0,4
flood,0,4,0,4
comma,0,4,0,4
florida,0,4,0,4
collect,0,4,0,4
christ,0,4,0,4
crush,0,4,0,4
expand,0,4,0,4
exhibit,0,4,0,4
customer,0,4,0,4
division,0,4,0,4
dvd,0,4,0,4
dismiss,0,4,0,4
e,0,4,0,4
discount,0,4,0,4
effort,0,4,0,4
elementary,0,4,0,4
difficult,0,4,0,4
determine,0,4,0,4
detach,0,4,0,4
descend,0,4,0,4
prince,1,3,0,4
democrat,0,4,0,4
deliver,0,4,0,4
evening,0,4,0,4
debt,0,4,0,4
debate,0,4,0,4
dawn,0,4,0,4
chicago,1,3,0,4
damage,0,4,0,4
d,0,4,0,4
g,0,4,0,4
gang,0,4,0,4
caterpillar,0,4,0,4
anyway,0,4,0,4
j,0,4,0,4
ahead,0,4,0,4
july,0,4,0,4
sue,0,4,0,4
k,0,4,0,4
adverb,0,4,0,4
advanced,0,4,0,4
adjust,0,4,0,4
adjective,0,4,0,4
karate,0,4,0,4
a,0,4,0,4
legal,0,4,0,4
let,0,4,0,4
lip,0,4,0,4
local,0,4,0,4
lord,0,4,0,4
m,0,4,0,4
mature,0,4,0,4
mistake,0,4,0,4
monthly,0,4,0,4
weigh,1,3,0,4
anatomy,0,4,0,4
individual,0,4,0,4
cabbage,0,4,0,4
include,0,4,0,4
grandma,0,4,0,4
grow up,0,4,0,4
brochure,0,4,0,4
breeze,0,4,0,4
brain,0,4,0,4
braid,0,4,0,4
h,0,4,0,4
boast,0,4,0,4
bike,0,4,0,4
bible,0,4,0,4
battle,0,4,0,4
b,0,4,0,4
aware,0,4,0,4
available,0,4,0,4
author,0,4,0,4
audiology,0,4,0,4
audiologist,0,4,0,4
human,0,4,0,4
attorney,0,4,0,4
assume,0,4,0,4
ill,0,4,0,4
agenda,0,4,0,4
recliner,0,4,0,4
scan,1,3,0,4
vague,0,4,0,4
portugal,0,0,4,4
v,0,4,0,4
pshaw,0,0,4,4
vacant,0,4,0,4
shout,1,3,0,4
drag,1,3,0,4
saw,1,3,0,4
absent,0,0,4,4
putdown,0,0,4,4
w,0,4,0,4
weekly,0,4,0,4
talent,0,4,0,4
good morning,0,0,4,4
south africa,0,0,4,4
ice-skating,0,0,4,4
u,0,4,0,4
janitor,0,0,4,4
transform,0,4,0,4
torture,0,4,0,4
lake,0,0,4,4
last month,0,0,4,4
tolerate,0,4,0,4
toilet paper,0,4,0,4
tiptoe,0,4,0,4
either,1,3,0,4
long ago,0,0,4,4
this,0,4,0,4
look like,0,0,4,4
award,1,3,0,4
motivated,0,0,4,4
whistle,1,3,0,4
surgeon,1,3,0,4
mock,1,3,0,4
shovel,1,3,0,4
center school,0,0,4,4
engineering,0,0,4,4
break up,0,0,4,4
prefer,1,3,0,4
mention,1,3,0,4
trigonometry,0,0,4,4
surrender,0,4,0,4
copy me,0,0,4,4
suppose,0,4,0,4
curtains,0,0,4,4
credit card,0,0,4,4
superman,0,4,0,4
emotional,0,0,4,4
t,0,4,0,4
devil,1,3,0,4
kangaroo,1,3,0,4
take up,0,4,0,4
surfing,0,0,4,4
elementary school,0,0,4,4
smoking,1,2,0,3
captain,0,3,0,3
tower,0,3,0,3
wrench,0,3,0,3
step,1,0,2,3
look for,0,3,0,3
little bit,0,3,0,3
therefore,0,3,0,3
tv,1,2,0,3
princess,0,3,0,3
bribe,0,3,0,3
preschool,0,3,0,3
bookshelf,0,3,0,3
olympics,0,3,0,3
hippopotamus,0,3,0,3
argentina,0,0,3,3
concentrate,0,3,0,3
half hour,0,0,3,3
hike,0,0,3,3
hang up,0,3,0,3
hold on,0,0,3,3
negotiate,0,3,0,3
come on,0,0,3,3
international,0,3,0,3
gloves,1,2,0,3
eye contact,0,0,3,3
cashier,0,0,3,3
curtain,1,2,0,3
upstairs,0,3,0,3
occur,0,3,0,3
chef,0,0,3,3
grocery store,0,0,3,3
military,0,3,0,3
contract,0,3,0,3
restroom,0,3,0,3
tempt,0,3,0,3
texas,0,3,0,3
someone,0,3,0,3
shopping,0,3,0,3
else,0,3,0,3
seldom,0,3,0,3
pool,0,0,3,3
student center,0,0,3,3
familiar,0,3,0,3
detective,0,3,0,3
report,0,3,0,3
partner,0,0,3,3
skateboard,0,0,2,2
mainstreamed,0,0,2,2
post,0,2,0,2
line up,0,0,2,2
take off,0,0,2,2
disappointed,0,0,2,2
propaganda,0,2,0,2
pow,0,0,2,2
stepfather,0,2,0,2
careless,0,2,0,2
picnic,1,0,0,1
dominant,1,0,0,1
snowsuit,1,0,0,1
yay,1,0,0,1
runoutof,1,0,0,1
elementaryschool,1,0,0,1
dissect,1,0,0,1
ooh,1,0,0,1
crack,1,0,0,1
lookat,1,0,0,1
dent,1,0,0,1
good afternoon,0,0,1,1
reach,1,0,0,1
pageant,1,0,0,1
frenchfries,1,0,0,1
suckthumb,1,0,0,1
stars,1,0,0,1
toothbrush-ca,1,0,0,1
creditcard,1,0,0,1
temptation,1,0,0,1
cancellation,1,0,0,1
knownothing,1,0,0,1
catchbaseball,1,0,0,1
board,1,0,0,1
explanation,1,0,0,1
agency,1,0,0,1
lookback,1,0,0,1
overnight,1,0,0,1
seal,1,0,0,1
instagram,1,0,0,1
thinkobsess,1,0,0,1
inch,1,0,0,1
damn,1,0,0,1
overtake,1,0,0,1
notcare,1,0,0,1
faint,1,0,0,1
squareidiot,1,0,0,1
getinformationoutof,1,0,0,1
plain,1,0,0,1
halfhour,1,0,0,1
growup,1,0,0,1
coins,1,0,0,1
yoyo,1,0,0,1
carbattery,1,0,0,1
shakespeare,1,0,0,1
surf,1,0,0,1
braille,1,0,0,1
perceive,1,0,0,1
remind,1,0,0,1
donkey,1,0,0,1
figure,1,0,0,1
longago,1,0,0,1
atlanta,1,0,0,1
splash-ca,1,0,0,1
ribbonaward,1,0,0,1
organization,1,0,0,1
fifth,1,0,0,1
goahead,1,0,0,1
vision,1,0,0,1
lightweight,1,0,0,1
frisk,1,0,0,1
longtime,1,0,0,1
immerse,1,0,0,1
highheels,1,0,0,1
cape,1,0,0,1
delinquent,1,0,0,1
confidential,1,0,0,1
proximalization,1,0,0,1
massage,1,0,0,1
dribble,1,0,0,1
risk,1,0,0,1
punchface,1,0,0,1
decline,1,0,0,1
gullible,1,0,0,1
sword,1,0,0,1
pitcher,1,0,0,1
cocacola,1,0,0,1
headgrind,1,0,0,1
goodygoody,1,0,0,1
howl,1,0,0,1
penis,1,0,0,1
blouse,1,0,0,1
blowmind,1,0,0,1
bind,1,0,0,1
turnaround,1,0,0,1
channel,1,0,0,1
fingerspelling,1,0,0,1
dealcards,1,0,0,1
string,1,0,0,1
tiredof,1,0,0,1
gotojail,1,0,0,1
loyal,1,0,0,1
stopwatch,1,0,0,1
fins,1,0,0,1
mascara,1,0,0,1
noise,1,0,0,1
numbers,1,0,0,1
marionette,1,0,0,1
hamster,1,0,0,1
love it,0,0,1,1
bowtie,1,0,0,1
emphasis,1,0,0,1
suit,1,0,0,1
oops,1,0,0,1
sandals,1,0,0,1
thinkconnect,1,0,0,1
thinkponder,1,0,0,1
hangclothes,1,0,0,1
resent,1,0,0,1
lighter,1,0,0,1
incredible,1,0,0,1
disagreement,1,0,0,1
vagina,1,0,0,1
snail,1,0,0,1
strangle,1,0,0,1
comehere,1,0,0,1
glow,1,0,0,1
thinkchin,1,0,0,1
alltogether,1,0,0,1
hashtag,0,0,1,1
longword,1,0,0,1
escalate,1,0,0,1
speakers,1,0,0,1
frustrate,1,0,0,1
social,1,0,0,1
fiance,1,0,0,1
offthepoint,1,0,0,1
garlic,1,0,0,1
paintbrush,1,0,0,1
fencing,1,0,0,1
jelly,1,0,0,1
trash,1,0,0,1
gobackandforth,1,0,0,1
gotcha,1,0,0,1
grade,1,0,0,1
bounce,1,0,0,1
rollerskating,1,0,0,1
friendsnomore,1,0,0,1
playground,1,0,0,1
lookappearance,1,0,0,1
santa,1,0,0,1
barrette,1,0,0,1
coverup,1,0,0,1
bulldozer,1,0,0,1
racecartrack,1,0,0,1
dilemma,1,0,0,1
celery,1,0,0,1
spend,1,0,0,1
fantasy,1,0,0,1
giveup,1,0,0,1
singleout,1,0,0,1
naked,1,0,0,1
jigsawpuzzle,1,0,0,1
blackbird,1,0,0,1
videogame,1,0,0,1
clash,1,0,0,1
restallday,1,0,0,1
sametime,1,0,0,1
ski-ca,1,0,0,1
notathing,1,0,0,1
waterski,1,0,0,1
wewillsee,1,0,0,1
specialist,1,0,0,1
absolutelynothing,1,0,0,1
cutremovevid,1,0,0,1
dontlike,1,0,0,1
abbreviate,1,0,0,1
nothingatall,1,0,0,1
crumple,1,0,0,1
hoe,1,0,0,1
enemy,1,0,0,1
eachother,1,0,0,1
range,1,0,0,1
stripe,1,0,0,1
auditorium,1,0,0,1
triple,1,0,0,1
hen,1,0,0,1
freakout,1,0,0,1
jar,1,0,0,1
nextdown,1,0,0,1
hinge,1,0,0,1
harmonica,1,0,0,1
fade,1,0,0,1
movedown,1,0,0,1
hypocrite,1,0,0,1
shortdistance,1,0,0,1
park,1,0,0,1
twomore,1,0,0,1
handsoap,1,0,0,1
champ,1,0,0,1
concerned,1,0,0,1
beanie,1,0,0,1
eyesawake,1,0,0,1
contactlens,1,0,0,1
bib,1,0,0,1
twoweeks,1,0,0,1
propose,1,0,0,1
plunger,1,0,0,1
w.h.a.t,1,0,0,1
steam,1,0,0,1
headback,1,0,0,1
savemoney,1,0,0,1
unaware,1,0,0,1
react,1,0,0,1
navy,1,0,0,1
blink,1,0,0,1
pair,1,0,0,1
cannon,1,0,0,1
pirate,1,0,0,1
lipread,1,0,0,1
shorts,1,0,0,1
iphone,1,0,0,1
bridesmaid,1,0,0,1
paranoid,1,0,0,1
runfaucet,1,0,0,1
stretch-ca,1,0,0,1
bolt,1,0,0,1
yeah,1,0,0,1
cowboy,1,0,0,1
bitch,1,0,0,1
chimney,1,0,0,1
persuade,1,0,0,1
nextyear,1,0,0,1
fillout,1,0,0,1
burn,1,0,0,1
tossout,1,0,0,1
identity,1,0,0,1
planet,1,0,0,1
bleed,1,0,0,1
fingerscrossed,1,0,0,1
luck,1,0,0,1
cleftchin,1,0,0,1
ice,1,0,0,1
hairclipper,1,0,0,1
wheelbarrow,1,0,0,1
twirl,1,0,0,1
propeller,1,0,0,1
gate,1,0,0,1
register,1,0,0,1
biteonarm,1,0,0,1
holdaccountable,1,0,0,1
hongkong,1,0,0,1
easel,1,0,0,1
digup,1,0,0,1
clause,1,0,0,1
scratch,1,0,0,1
setup,1,0,0,1
intervene,1,0,0,1
unicorn,1,0,0,1
sow,1,0,0,1
elegance,1,0,0,1
hatbrim,1,0,0,1
snapstick,1,0,0,1
horrible,1,0,0,1
beak,1,0,0,1
goingthroughahardtime,1,0,0,1
interested,1,0,0,1
fraud,1,0,0,1
fair,1,0,0,1
stand-up,1,0,0,1
hearingaid,1,0,0,1
1dollar,1,0,0,1
shield,1,0,0,1
mindturned,1,0,0,1
goosebumps,1,0,0,1
overwhelmed,1,0,0,1
makebelieve,1,0,0,1
kitten,1,0,0,1
hitchhike,1,0,0,1
gothrough,1,0,0,1
theatre,1,0,0,1
allday,1,0,0,1
thinkexpand,1,0,0,1
saxophone,1,0,0,1
poolgame,1,0,0,1
mime,1,0,0,1
raisin,1,0,0,1
newyork,1,0,0,1
pepsi,1,0,0,1
emperor,1,0,0,1
noose,1,0,0,1
lookfor,1,0,0,1
antlers,1,0,0,1
eclipse,1,0,0,1
offhand,1,0,0,1
chargecard,1,0,0,1
chew2mouth,1,0,0,1
a-linebob,1,0,0,1
takenotes,1,0,0,1
inject,1,0,0,1
vest,1,0,0,1
well,1,0,0,1
teenager,1,0,0,1
kissfist,1,0,0,1
lungs,1,0,0,1
dressup,1,0,0,1
grind,1,0,0,1
pissedoff,1,0,0,1
slingshot,1,0,0,1
dependon,1,0,0,1
allgone,1,0,0,1
sideburns,1,0,0,1
accordion,1,0,0,1
us,1,0,0,1
donut,1,0,0,1
spitout,1,0,0,1
charge,1,0,0,1
upload,1,0,0,1
handcuffs,1,0,0,1
losegame,1,0,0,1
bloom,1,0,0,1
shot,1,0,0,1
align,1,0,0,1
blur,1,0,0,1
navel,1,0,0,1
tablet,1,0,0,1
pole,1,0,0,1
addict,1,0,0,1
sculpt,1,0,0,1
wring,1,0,0,1
whiteperson,1,0,0,1
livingroom,1,0,0,1
dontmind,1,0,0,1
deafschool,1,0,0,1
pile,1,0,0,1
washhands,1,0,0,1
communication,1,0,0,1
stayawake24hrs,1,0,0,1
tendyour,1,0,0,1
dryer,1,0,0,1
lawnmower,1,0,0,1
churn,1,0,0,1
nonsense,1,0,0,1
temperblowup,1,0,0,1
leather,1,0,0,1
callattention,1,0,0,1
sophisticated,1,0,0,1
seesee,1,0,0,1
wrestle,1,0,0,1
retrieve,1,0,0,1
heartbody,1,0,0,1
chopsticks,1,0,0,1
calltty,1,0,0,1
clap,1,0,0,1
signingfluently,1,0,0,1
isolated,1,0,0,1
client,1,0,0,1
notinterested,1,0,0,1
sweatshirt,1,0,0,1
eggbeater,1,0,0,1
shortword,1,0,0,1
own,1,0,0,1
fashion,1,0,0,1
superior,1,0,0,1
grasp,1,0,0,1
prayer,1,0,0,1
zipper,1,0,0,1
scrub,1,0,0,1
letknow,1,0,0,1
downhill,1,0,0,1
yucky,1,0,0,1
zoomoff,1,0,0,1
headcold,1,0,0,1
bullshit,1,0,0,1
lollipop,1,0,0,1
weave,1,0,0,1
leavealone,1,0,0,1
sshh,1,0,0,1
easytodo,1,0,0,1
filter,1,0,0,1
sarcastic,1,0,0,1
inhale,1,0,0,1
depress,1,0,0,1
cocaine,1,0,0,1
workout,1,0,0,1
disrupt,1,0,0,1
download,1,0,0,1
fry,1,0,0,1
grandparents,1,0,0,1
confident,1,0,0,1
headphones,1,0,0,1
razor,1,0,0,1
erupt,1,0,0,1
basket,1,0,0,1
stapler,1,0,0,1
fired,1,0,0,1
windmill,1,0,0,1
script,1,0,0,1
blond,1,0,0,1
dip,1,0,0,1
devour,1,0,0,1
conduct,1,0,0,1
beaver,1,0,0,1
hurdle/trip,1,0,0,1
lickenvelope,1,0,0,1
autism,1,0,0,1
remotecontrol,1,0,0,1
tail,1,0,0,1
comeout,1,0,0,1
holdtogether,1,0,0,1
hardofhearing,1,0,0,1
fascinated,1,0,0,1
wave,1,0,0,1
washmachine,1,0,0,1
brainstorm,1,0,0,1
inept,1,0,0,1
whole,1,0,0,1
honk,1,0,0,1
hose,1,0,0,1
metaphor,1,0,0,1
samesame,1,0,0,1
dontknow,1,0,0,1
view,1,0,0,1
backout,1,0,0,1
waterdrop,1,0,0,1
undergraduate,1,0,0,1
bison,1,0,0,1
climbladder,1,0,0,1
bubbles,1,0,0,1
walrus,1,0,0,1
suck,1,0,0,1
assembly,1,0,0,1
powder,1,0,0,1
dislike,1,0,0,1
demote,1,0,0,1
scoop,1,0,0,1
tanktop,1,0,0,1
shiny,1,0,0,1
wink,1,0,0,1
protection,1,0,0,1
roll,1,0,0,1
passout,1,0,0,1
disappoint,1,0,0,1
smellmoney,1,0,0,1
zoo,1,0,0,1
catepillar,1,0,0,1
hall,1,0,0,1
everynight,1,0,0,1
camcorder,1,0,0,1
sneakadventure,1,0,0,1
beat,1,0,0,1
snap,1,0,0,1
pizzacutter,1,0,0,1
braids,1,0,0,1
hummingbird,1,0,0,1
ponder,1,0,0,1
capture,1,0,0,1
beans,1,0,0,1
washdishes,1,0,0,1
tube,1,0,0,1
getinbed,1,0,0,1
crossheart,1,0,0,1
saltshaker,1,0,0,1
writeonwall,1,0,0,1
carve,1,0,0,1
drill,1,0,0,1
supervisor,1,0,0,1
faucet,1,0,0,1
state,1,0,0,1
nailclipper,1,0,0,1
dodo,1,0,0,1
grenade,1,0,0,1
peck,1,0,0,1
fraction,1,0,0,1
whisper,1,0,0,1
spicy,1,0,0,1
gettogether,1,0,0,1
breaktime,1,0,0,1
vase,1,0,0,1
laydown,1,0,0,1
willgo,1,0,0,1
harp,1,0,0,1
thankyou,1,0,0,1
hang,1,0,0,1
intentional,1,0,0,1
letgo,1,0,0,1
highlighter,1,0,0,1
uncertain,1,0,0,1
toomuch,1,0,0,1
depth,1,0,0,1
even,1,0,0,1
fond,1,0,0,1
rollerblading,1,0,0,1
notusedto,1,0,0,1
bumpy,1,0,0,1
model,1,0,0,1
frown,1,0,0,1
brainwash,1,0,0,1
mexican,1,0,0,1
alittlebit,1,0,0,1
access,1,0,0,1
socialize,1,0,0,1
curtsey,1,0,0,1
astronaut,1,0,0,1
greet,1,0,0,1
imagine,1,0,0,1
thief,1,0,0,1
sail,1,0,0,1
plow,1,0,0,1
motivation,1,0,0,1
curl,1,0,0,1
blowcandle,1,0,0,1
load,1,0,0,1
insult,1,0,0,1
tear,1,0,0,1
suspenders,1,0,0,1
hoodie,1,0,0,1
juggle,1,0,0,1
videocamera,1,0,0,1
fall,1,0,0,1
foreigner,1,0,0,1
opportunity,1,0,0,1
wrapup,1,0,0,1
mop,1,0,0,1
trim,1,0,0,1
witch,1,0,0,1
fireman,1,0,0,1
bandaid,1,0,0,1
tearrip,1,0,0,1
hatch,1,0,0,1
rocket,1,0,0,1
swearin,1,0,0,1
tty,1,0,0,1
scarcely,1,0,0,1
things,1,0,0,1
recording,1,0,0,1
zoomin,1,0,0,1
videophone,1,0,0,1
freckles,1,0,0,1
magnify,1,0,0,1
cigar,1,0,0,1
onlyone,1,0,0,1
mcdonalds,1,0,0,1
film,1,0,0,1
hotdog,1,0,0,1
computermouse,1,0,0,1
mail,1,0,0,1
edit,1,0,0,1
glove,1,0,0,1
tieup,1,0,0,1
buckle,1,0,0,1
papercutter,1,0,0,1
lick,1,0,0,1
dedicate,1,0,0,1
whip,1,0,0,1
snorkel,1,0,0,1
bag,1,0,0,1
toss,1,0,0,1
starbucks,1,0,0,1
minimum,1,0,0,1
axe,1,0,0,1
onemore,1,0,0,1
sharp,1,0,0,1
bun,1,0,0,1
washface,1,0,0,1
cancer,1,0,0,1
peg,1,0,0,1
ego,1,0,0,1
veryinterested,1,0,0,1
yawn,1,0,0,1
bow,1,0,0,1
vibrate,1,0,0,1
stethoscope,1,0,0,1
openwallet,1,0,0,1
drown,1,0,0,1
allover,1,0,0,1
knitting,1,0,0,1
tiny,1,0,0,1
handsome,1,0,0,1
magnet,1,0,0,1
knight,1,0,0,1
bury,1,0,0,1
stack,1,0,0,1
maid,1,0,0,1
hairdryer,1,0,0,1
shake,1,0,0,1
rockingchair,1,0,0,1
disney,1,0,0,1
stumble,1,0,0,1
ruler,1,0,0,1
plug,1,0,0,1
corkscrew,1,0,0,1
peas,1,0,0,1
wade,1,0,0,1
record,1,0,0,1
humor,1,0,0,1
blinds,1,0,0,1
whatfor,1,0,0,1
qm,1,0,0,1
lightcandle,1,0,0,1
crawl,1,0,0,1
skateboarding,1,0,0,1
float,1,0,0,1
dart,1,0,0,1
possum,1,0,0,1
toy,1,0,0,1
udder,1,0,0,1
alaska,1,0,0,1
strain,1,0,0,1
9oclock,1,0,0,1
dontwant,1,0,0,1
downsize,1,0,0,1
memorizememorize,1,0,0,1
automatic,1,0,0,1
flipflops,1,0,0,1
pinch,1,0,0,1
meditate,1,0,0,1
somersault,1,0,0,1
oil,1,0,0,1
tow,1,0,0,1
ohisee,1,0,0,1
file,1,0,0,1
peanutbutter,1,0,0,1
rhino,1,0,0,1
signlanguage,1,0,0,1
foul,1,0,0,1
sharpen,1,0,0,1
pop,1,0,0,1
pipe,1,0,0,1
castle,1,0,0,1
flashlight,1,0,0,1
pointindex,1,0,0,1
chew,1,0,0,1
zebra,1,0,0,1
letmesee,1,0,0,1
spotsomething,1,0,0,1
jumprope,1,0,0,1
nosebleed,1,0,0,1
turban,1,0,0,1
seniorcitizen,1,0,0,1
oneyearago,1,0,0,1
instinct,1,0,0,1
chaos,1,0,0,1
pinon,1,0,0,1
icecream,1,0,0,1
holiday,1,0,0,1
realsick,1,0,0,1
tubetop,1,0,0,1
hadenough,1,0,0,1
juggler,1,0,0,1
jellyfish,1,0,0,1
looklike,1,0,0,1
pliers,1,0,0,1
pjs,1,0,0,1
these,1,0,0,1
dontneed,1,0,0,1
compass,1,0,0,1
frame,1,0,0,1
supervise,1,0,0,1
smoke,1,0,0,1
tendency,1,0,0,1
invisible,1,0,0,1
earsup,1,0,0,1
kissoncheek,1,0,0,1
megaphone,1,0,0,1
deliberate,1,0,0,1
biteonneck,1,0,0,1
clip,1,0,0,1
players,1,0,0,1
pill,1,0,0,1
net,1,0,0,1
turnkey,1,0,0,1
pen,1,0,0,1
pharmacist,1,0,0,1
talkdirty,1,0,0,1
recite,1,0,0,1
truebusiness,1,0,0,1
missing,1,0,0,1
reflect,1,0,0,1
option,1,0,0,1
hotcompetition,1,0,0,1
obvious,1,0,0,1
thrilled,1,0,0,1
fan,1,0,0,1
indian,1,0,0,1
bachelor,1,0,0,1
grieve,1,0,0,1
gateclose,1,0,0,1
firetruck,1,0,0,1
archeology,1,0,0,1
nextto,1,0,0,1
nail,1,0,0,1
diningroom,1,0,0,1
persistent,1,0,0,1
finger,1,0,0,1
windy,1,0,0,1
notunderstand,1,0,0,1
getthrough,1,0,0,1
inspiring,1,0,0,1
village,1,0,0,1
forgetful,1,0,0,1
drip,1,0,0,1
notyet,1,0,0,1
steak,1,0,0,1
boston,1,0,0,1
takepill,1,0,0,1
nerve,1,0,0,1
immature,1,0,0,1
reallyinto,1,0,0,1
shooting,1,0,0,1
system,1,0,0,1
getoff,1,0,0,1
sweat,1,0,0,1
caught,1,0,0,1
validate,1,0,0,1
hearttouch,1,0,0,1
cranky,1,0,0,1
twoofus,1,0,0,1
fromthenon,1,0,0,1
brick,1,0,0,1
blank,1,0,0,1
newstome,1,0,0,1
stimulate,1,0,0,1
scout,1,0,0,1
gesture,1,0,0,1
polish,1,0,0,1
crewcut,1,0,0,1
itch,1,0,0,1
cherish,1,0,0,1
timeout,1,0,0,1
pressinmind,1,0,0,1
badge,1,0,0,1
jawdrop,1,0,0,1
universe,1,0,0,1
crashplane,1,0,0,1
fit,1,0,0,1
effect,1,0,0,1
porcupine,1,0,0,1
electrocute,1,0,0,1
backup,1,0,0,1
permission,1,0,0,1
putinbackmind,1,0,0,1
hairdresser,1,0,0,1
vanish,1,0,0,1
profoundlydeaf,1,0,0,1
whynot,1,0,0,1
hundred,1,0,0,1
lastweek,1,0,0,1
at,1,0,0,1
iloveyou,1,0,0,1
caraccident,1,0,0,1
bend,1,0,0,1
impress,1,0,0,1
casual,1,0,0,1
producesign,1,0,0,1
windowopen,1,0,0,1
thinkpenetrate,1,0,0,1
shameonyou,1,0,0,1
acquire,1,0,0,1
dontcare,1,0,0,1
alloverbody,1,0,0,1
closedoor,1,0,0,1
nobigdeal,1,0,0,1
protest,1,0,0,1
self,1,0,0,1
timeprogress,1,0,0,1
handsoff,1,0,0,1
busted,1,0,0,1
highschool,1,0,0,1
backyard,1,0,0,1
lips,1,0,0,1
operatemachine,1,0,0,1
toagoal,1,0,0,1
buttons,1,0,0,1
penguin,1,0,0,1
spendlotsofmoney,1,0,0,1
tractor,1,0,0,1
haha,1,0,0,1
goatee,1,0,0,1
sunbathe,1,0,0,1
guillotine,1,0,0,1
kite,1,0,0,1
putaside,1,0,0,1
wise,1,0,0,1
experienced,1,0,0,1
offend,1,0,0,1
throwaway,1,0,0,1
thoughtdisappear,1,0,0,1
rollupsleeves,1,0,0,1
intelligent,1,0,0,1
delegate,1,0,0,1
sled,1,0,0,1
claw,1,0,0,1
knockoff,1,0,0,1
lightson,1,0,0,1
payoffbills,1,0,0,1
5dollars,1,0,0,1
mailman,1,0,0,1
advertise,1,0,0,1
distracted,1,0,0,1
goodygoodyshoeopposite,1,0,0,1
spaceship,1,0,0,1
connection,1,0,0,1
vain,1,0,0,1
8hour,1,0,0,1
wheel,1,0,0,1
takeoff,1,0,0,1
maple,1,0,0,1
vitamins,1,0,0,1
greenbeans,1,0,0,1
cameraman,1,0,0,1
cream,1,0,0,1
graduateschool,1,0,0,1
spontaneous,1,0,0,1
tickle,1,0,0,1
signature,1,0,0,1
flip,1,0,0,1
walk-tightrope-cl,1,0,0,1
cellphone,1,0,0,1
peacock,1,0,0,1
cheer,1,0,0,1
freedom,1,0,0,1
openbook,1,0,0,1
dontfeellike,1,0,0,1
longline,1,0,0,1
shocked,1,0,0,1
stockings,1,0,0,1
circuswheel,1,0,0,1
bandage,1,0,0,1
scrolldown,1,0,0,1
pullconvince,1,0,0,1
press,1,0,0,1
anyone,1,0,0,1
orangeeyes,1,0,0,1
orangethroat,1,0,0,1
cheek,1,0,0,1
intuitive,1,0,0,1
baseballcap,1,0,0,1
catapult,1,0,0,1
budget,1,0,0,1
allofsudden,1,0,0,1
peekaboo,1,0,0,1
limited,1,0,0,1
cheesegrater,1,0,0,1
enginestart,1,0,0,1
holdhands,1,0,0,1
lookforward,1,0,0,1
sushi,1,0,0,1
fringe,1,0,0,1
timetotime,1,0,0,1
hands,1,0,0,1
softball,1,0,0,1
passport,1,0,0,1
blush,1,0,0,1
shortperson,1,0,0,1
forfeit,1,0,0,1
ostrich,1,0,0,1
curlyhair,1,0,0,1
row,1,0,0,1
pretend,1,0,0,1
sweatpants,1,0,0,1
qtip,1,0,0,1
articulatesign,1,0,0,1
transgender,1,0,0,1
closeeyes,1,0,0,1
alright,1,0,0,1
mess,1,0,0,1
shutout,1,0,0,1
thinkover,1,0,0,1
learnlesson,1,0,0,1
restless,1,0,0,1
mummy,1,0,0,1
summarize,1,0,0,1
dispatch,1,0,0,1
platform,1,0,0,1
signpaper,1,0,0,1
redfaced,1,0,0,1
thunder,1,0,0,1
chin,1,0,0,1
bomb,1,0,0,1
select,1,0,0,1
plummet,1,0,0,1
everyyear,1,0,0,1
earmuffs,1,0,0,1
carousel,1,0,0,1
needle,1,0,0,1
hell,1,0,0,1
pope,1,0,0,1
edge,1,0,0,1
doesntmatter,1,0,0,1
takecare,1,0,0,1
fedup,1,0,0,1
fallingasleep,1,0,0,1
deflate,1,0,0,1
boilingmad,1,0,0,1
this/it,1,0,0,1
slipper,1,0,0,1
vanilla,1,0,0,1
hood,1,0,0,1
assign,1,0,0,1
fuzzy,1,0,0,1
temporary,1,0,0,1
scarmemory,1,0,0,1
wand,1,0,0,1
flipswitch,1,0,0,1
differentsituation,1,0,0,1
notmind,1,0,0,1
eyeturn,1,0,0,1
sailboat,1,0,0,1
escalator,1,0,0,1
roast,1,0,0,1
allway,1,0,0,1
meaculpa,1,0,0,1
oldest,1,0,0,1
space,1,0,0,1
dreadlocks,1,0,0,1
