Gloss,Count,source
envelope,160,"asl_citizen,msasl,wlasl"
pineapple,159,"asl_citizen,msasl"
erase,157,"asl_citizen,wlasl"
shave,157,"asl_citizen,wlasl"
dog,152,"asl_citizen,msasl,wlasl"
drown,150,asl_citizen
cool,149,"asl_citizen,msasl,wlasl"
sandwich,147,"asl_citizen,msasl,wlasl"
jacket,147,"asl_citizen,msasl,wlasl"
banana,145,"asl_citizen,msasl,wlasl"
strawberry,142,"asl_citizen,msasl,wlasl"
cry,140,"asl_citizen,msasl,wlasl"
follow,131,"asl_citizen,msasl,wlasl"
cloud,131,"asl_citizen,msasl,wlasl"
necklace,130,"asl_citizen,wlasl"
scarf,129,"asl_citizen,msasl"
fork,127,"asl_citizen,wlasl"
gloves,125,"asl_citizen,wlasl"
slice,124,"asl_citizen,wlasl"
flashlight,123,asl_citizen
magnet,123,asl_citizen
yawn,123,asl_citizen
handsome,123,asl_citizen
castle,123,asl_citizen
bury,122,asl_citizen
pipe,122,asl_citizen
bow,121,asl_citizen
chew,121,asl_citizen
knight,120,asl_citizen
stack,120,asl_citizen
pop,120,asl_citizen
right,118,"asl_citizen,msasl,wlasl"
stethoscope,118,asl_citizen
cat,118,"asl_citizen,msasl,wlasl"
basketball,115,"asl_citizen,msasl,wlasl"
corn,115,"asl_citizen,msasl,wlasl"
kiss,109,"asl_citizen,msasl,wlasl"
glass,109,"asl_citizen,msasl,wlasl"
pillow,107,"asl_citizen,msasl,wlasl"
carrot,106,"asl_citizen,msasl,wlasl"
elevator,105,"asl_citizen,msasl,wlasl"
dolphin,105,"asl_citizen,msasl,wlasl"
sweater,104,"asl_citizen,msasl,wlasl"
eat,103,"asl_citizen,msasl,wlasl"
screwdriver,103,"asl_citizen,msasl,wlasl"
mix,102,"asl_citizen,msasl,wlasl"
lobster,102,"asl_citizen,msasl,wlasl"
what,101,"asl_citizen,msasl,wlasl"
deaf,101,"asl_citizen,msasl,wlasl"
stamp,101,"asl_citizen,msasl,wlasl"
wristwatch,100,"asl_citizen,wlasl"
catch,100,"asl_citizen,wlasl"
drink,99,"asl_citizen,msasl,wlasl"
story,99,"asl_citizen,wlasl"
patient,99,"asl_citizen,wlasl"
bark,99,"asl_citizen,wlasl"
arm,98,"asl_citizen,wlasl"
helicopter,98,"asl_citizen,wlasl"
arrest,98,"asl_citizen,wlasl"
woman,97,"asl_citizen,msasl,wlasl"
lock,97,"asl_citizen,wlasl"
cross,97,"asl_citizen,wlasl"
bat,96,"asl_citizen,msasl"
parachute,96,"asl_citizen,wlasl"
shoulder,96,"asl_citizen,wlasl"
want,96,"asl_citizen,msasl,wlasl"
kangaroo,96,"asl_citizen,wlasl"
microscope,96,"asl_citizen,wlasl"
spread,95,"asl_citizen,wlasl"
peel,95,"asl_citizen,wlasl"
shirt,95,"asl_citizen,msasl,wlasl"
gun,95,"asl_citizen,wlasl"
iron,94,"asl_citizen,wlasl"
bra,94,"asl_citizen,wlasl"
walk,93,"asl_citizen,msasl,wlasl"
peg,93,asl_citizen
fine,93,"asl_citizen,msasl,wlasl"
meditate,93,asl_citizen
skateboarding,93,asl_citizen
nothing,92,"asl_citizen,msasl,wlasl"
tow,92,asl_citizen
sharpen,92,asl_citizen
milk,92,"asl_citizen,msasl,wlasl"
toy,92,asl_citizen
file,91,asl_citizen
knitting,91,asl_citizen
doctor,91,"asl_citizen,msasl,wlasl"
hairdryer,91,asl_citizen
windmill,91,asl_citizen
float,91,asl_citizen
oil,91,asl_citizen
rhino,91,asl_citizen
night,90,"asl_citizen,msasl,wlasl"
somersault,90,asl_citizen
candy,90,"asl_citizen,msasl,wlasl"
turkey,89,"asl_citizen,msasl,wlasl"
whatfor,89,asl_citizen
dip,89,asl_citizen
how,88,"asl_citizen,msasl,wlasl"
same,88,"asl_citizen,msasl,wlasl"
bored,87,"asl_citizen,msasl,wlasl"
teach,87,"asl_citizen,msasl,wlasl"
conduct,87,asl_citizen
bed,87,"asl_citizen,msasl,wlasl"
pizza,86,"asl_citizen,msasl,wlasl"
hat,86,"asl_citizen,msasl,wlasl"
live,85,"asl_citizen,msasl,wlasl"
pants,84,"asl_citizen,msasl,wlasl"
lunch,83,"asl_citizen,msasl,wlasl"
hair,83,"asl_citizen,msasl,wlasl"
movie,82,"asl_citizen,msasl,wlasl"
can,82,"asl_citizen,msasl,wlasl"
soon,82,"asl_citizen,msasl,wlasl"
baby,82,"asl_citizen,msasl,wlasl"
noon,82,"asl_citizen,msasl,wlasl"
party,82,"asl_citizen,msasl,wlasl"
city,82,"asl_citizen,msasl,wlasl"
run,82,"asl_citizen,msasl,wlasl"
meat,81,"asl_citizen,msasl,wlasl"
tall,81,"asl_citizen,msasl,wlasl"
letter,81,"asl_citizen,msasl,wlasl"
dark,81,"asl_citizen,msasl,wlasl"
bowling,81,"asl_citizen,msasl,wlasl"
cute,81,"asl_citizen,msasl,wlasl"
grapes,80,"asl_citizen,msasl,wlasl"
remember,80,"asl_citizen,msasl,wlasl"
mean,79,"asl_citizen,msasl,wlasl"
soccer,79,"asl_citizen,msasl,wlasl"
shop,79,"asl_citizen,msasl,wlasl"
dentist,79,"asl_citizen,msasl,wlasl"
hospital,79,"asl_citizen,msasl,wlasl"
tie,78,"asl_citizen,msasl,wlasl"
soap,78,"asl_citizen,msasl,wlasl"
backpack,78,"asl_citizen,msasl,wlasl"
christmas,78,"asl_citizen,msasl,wlasl"
money,78,"asl_citizen,msasl,wlasl"
peach,78,"asl_citizen,msasl,wlasl"
breakfast,77,"asl_citizen,msasl,wlasl"
belt,77,"asl_citizen,msasl,wlasl"
measure,77,"asl_citizen,msasl,wlasl"
snow,77,"asl_citizen,msasl,wlasl"
underwear,76,"asl_citizen,msasl,wlasl"
dinner,76,"asl_citizen,msasl,wlasl"
confused,76,"asl_citizen,msasl,wlasl"
decide,76,"asl_citizen,msasl,wlasl"
bake,75,"asl_citizen,msasl,wlasl"
truck,75,"asl_citizen,msasl,wlasl"
knife,75,"asl_citizen,msasl,wlasl"
cracker,75,"asl_citizen,msasl,wlasl"
talk,75,"asl_citizen,msasl,wlasl"
stand,75,"asl_citizen,msasl,wlasl"
rabbit,75,"asl_citizen,msasl,wlasl"
welcome,75,"asl_citizen,msasl,wlasl"
closet,74,"asl_citizen,msasl,wlasl"
hear,74,"asl_citizen,msasl,wlasl"
stupid,74,"asl_citizen,msasl,wlasl"
clock,74,"asl_citizen,msasl,wlasl"
fishing,74,"asl_citizen,msasl,wlasl"
mountain,73,"asl_citizen,msasl,wlasl"
lettuce,73,"asl_citizen,msasl,wlasl"
duck,73,"asl_citizen,msasl,wlasl"
they,73,"asl_citizen,msasl,wlasl"
boots,73,"asl_citizen,msasl,wlasl"
lemon,73,"asl_citizen,msasl,wlasl"
research,73,"asl_citizen,msasl,wlasl"
upset,72,"asl_citizen,msasl,wlasl"
believe,72,"asl_citizen,msasl,wlasl"
hit,72,"asl_citizen,msasl,wlasl"
throw,72,"asl_citizen,msasl,wlasl"
fence,72,"asl_citizen,msasl,wlasl"
halloween,72,"asl_citizen,msasl,wlasl"
cherry,72,"asl_citizen,msasl,wlasl"
bird,72,"asl_citizen,msasl,wlasl"
call,72,"asl_citizen,wlasl"
pet,71,"asl_citizen,msasl,wlasl"
fish,71,"asl_citizen,msasl,wlasl"
about,71,"asl_citizen,msasl,wlasl"
sneeze,71,"asl_citizen,msasl,wlasl"
juice,71,"asl_citizen,msasl"
finish,71,"asl_citizen,msasl,wlasl"
order,71,"asl_citizen,wlasl"
teacher,70,"asl_citizen,msasl,wlasl"
convince,70,"asl_citizen,wlasl"
decorate,70,"asl_citizen,wlasl"
swing,70,"asl_citizen,msasl,wlasl"
swim,70,"asl_citizen,msasl,wlasl"
problem,70,"asl_citizen,wlasl"
river,70,"asl_citizen,msasl,wlasl"
orange,69,"asl_citizen,msasl,wlasl"
school,69,"asl_citizen,msasl,wlasl"
cheat,69,"asl_citizen,wlasl"
man,69,"asl_citizen,msasl,wlasl"
demand,69,"asl_citizen,wlasl"
yes,69,"asl_citizen,msasl,wlasl"
shark,69,"asl_citizen,msasl"
mechanic,69,"asl_citizen,msasl,wlasl"
flag,69,"asl_citizen,msasl,wlasl"
black,69,"asl_citizen,msasl,wlasl"
ride,69,"asl_citizen,wlasl"
mother,68,"asl_citizen,msasl,wlasl"
where,68,"asl_citizen,msasl,wlasl"
recent,68,"asl_citizen,wlasl"
special,68,"asl_citizen,wlasl"
develop,68,"asl_citizen,wlasl"
comb,68,"asl_citizen,wlasl"
opinion,68,"asl_citizen,wlasl"
sentence,68,"asl_citizen,wlasl"
forever,68,"asl_citizen,wlasl"
hippo,68,"asl_citizen,msasl"
fold,68,"asl_citizen,wlasl"
wash,68,"asl_citizen,wlasl"
glue,68,"asl_citizen,msasl"
serve,68,"asl_citizen,wlasl"
smile,68,"asl_citizen,wlasl"
like,68,"asl_citizen,msasl,wlasl"
slip,68,"asl_citizen,wlasl"
bite,68,"asl_citizen,wlasl"
cancel,68,"asl_citizen,wlasl"
pour,67,"asl_citizen,wlasl"
white,67,"asl_citizen,msasl,wlasl"
perfume,67,"asl_citizen,wlasl"
policeman,67,"asl_citizen,wlasl"
calendar,67,"asl_citizen,msasl"
bridge,67,"asl_citizen,wlasl"
who,67,"asl_citizen,msasl,wlasl"
lift,67,"asl_citizen,wlasl"
blue,67,"asl_citizen,msasl,wlasl"
apple,67,"asl_citizen,msasl,wlasl"
helmet,67,"asl_citizen,wlasl"
water,67,"asl_citizen,msasl,wlasl"
support,67,"asl_citizen,wlasl"
feed,67,"asl_citizen,wlasl"
third,67,"asl_citizen,wlasl"
bee,66,"asl_citizen,wlasl"
green,66,"asl_citizen,msasl,wlasl"
yellow,66,"asl_citizen,msasl,wlasl"
eagle,66,"asl_citizen,wlasl"
slide,66,"asl_citizen,msasl"
trip,66,"asl_citizen,wlasl"
hold,66,"asl_citizen,wlasl"
nut,66,"asl_citizen,wlasl"
help,66,"asl_citizen,msasl,wlasl"
lamp,66,"asl_citizen,msasl,wlasl"
leaf,66,"asl_citizen,wlasl"
twins,66,"asl_citizen,msasl"
shoot,66,"asl_citizen,wlasl"
nice,66,"asl_citizen,msasl,wlasl"
brother,66,"asl_citizen,msasl,wlasl"
dinosaur,66,"asl_citizen,wlasl"
honey,66,"asl_citizen,wlasl"
tired,65,"asl_citizen,msasl,wlasl"
guess,65,"asl_citizen,wlasl"
spill,65,"asl_citizen,wlasl"
family,65,"asl_citizen,msasl,wlasl"
friend,65,"asl_citizen,msasl,wlasl"
student,65,"asl_citizen,msasl,wlasl"
boil,65,"asl_citizen,wlasl"
empty,65,"asl_citizen,wlasl"
cousin,65,"asl_citizen,msasl,wlasl"
drag,65,"asl_citizen,wlasl"
kick,65,"asl_citizen,wlasl"
sister,65,"asl_citizen,msasl,wlasl"
type,65,"asl_citizen,wlasl"
breakdown,65,"asl_citizen,wlasl"
learn,65,"asl_citizen,msasl,wlasl"
whistle,65,"asl_citizen,wlasl"
no,65,"asl_citizen,msasl,wlasl"
stretch,64,"asl_citizen,wlasl"
shovel,64,"asl_citizen,wlasl"
again,64,"asl_citizen,msasl,wlasl"
when,64,"asl_citizen,msasl,wlasl"
boy,64,"asl_citizen,msasl,wlasl"
cheerleader,64,"asl_citizen,wlasl"
relax,64,"asl_citizen,wlasl"
red,63,"asl_citizen,msasl,wlasl"
autism,63,asl_citizen
brown,63,"asl_citizen,msasl,wlasl"
shout,63,"asl_citizen,wlasl"
pink,63,"asl_citizen,msasl,wlasl"
thief,63,asl_citizen
cook,63,"asl_citizen,msasl,wlasl"
saw,63,"asl_citizen,wlasl"
girl,63,"asl_citizen,msasl,wlasl"
fall,63,asl_citizen
roar,63,"asl_citizen,wlasl"
plug,62,asl_citizen
purple,62,"asl_citizen,msasl,wlasl"
rockingchair,62,asl_citizen
lickenvelope,62,asl_citizen
tearrip,62,asl_citizen
name,62,"asl_citizen,msasl,wlasl"
shake,62,asl_citizen
model,62,asl_citizen
imagine,62,asl_citizen
magnify,62,asl_citizen
mail,62,asl_citizen
foreigner,62,asl_citizen
hurdle/trip,62,asl_citizen
bag,62,asl_citizen
basket,62,asl_citizen
write,62,"asl_citizen,msasl,wlasl"
peas,62,asl_citizen
guillotine,61,asl_citizen
tieup,61,asl_citizen
cancer,61,asl_citizen
motivation,61,asl_citizen
greet,61,asl_citizen
but,61,"asl_citizen,msasl,wlasl"
hatch,61,asl_citizen
buckle,61,asl_citizen
book,61,"asl_citizen,msasl,wlasl"
downsize,61,asl_citizen
lick,61,asl_citizen
plow,61,asl_citizen
videocamera,61,asl_citizen
cream,61,asl_citizen
crawl,61,asl_citizen
axe,61,asl_citizen
corkscrew,61,asl_citizen
understand,61,"asl_citizen,msasl,wlasl"
father,61,"asl_citizen,msasl,wlasl"
bathroom,61,"asl_citizen,msasl,wlasl"
hoodie,61,asl_citizen
witch,61,asl_citizen
erupt,61,asl_citizen
frown,61,asl_citizen
mexican,61,asl_citizen
onemore,61,asl_citizen
minimum,61,asl_citizen
razor,61,asl_citizen
you,61,"asl_citizen,msasl,wlasl"
blinds,61,asl_citizen
edit,61,asl_citizen
hearing,61,"asl_citizen,msasl,wlasl"
curtsey,61,asl_citizen
need,60,"asl_citizen,msasl,wlasl"
pinch,60,asl_citizen
fireman,60,asl_citizen
play,60,"asl_citizen,msasl,wlasl"
rocket,60,asl_citizen
sail,60,asl_citizen
washface,60,asl_citizen
wrapup,60,asl_citizen
sharp,60,asl_citizen
sit,60,"asl_citizen,msasl,wlasl"
load,60,asl_citizen
tail,60,asl_citizen
wade,60,asl_citizen
dance,60,"asl_citizen,msasl,wlasl"
sick,60,"asl_citizen,msasl,wlasl"
blowcandle,60,asl_citizen
sled,60,asl_citizen
bandaid,60,asl_citizen
dedicate,60,asl_citizen
good,60,"asl_citizen,msasl,wlasl"
college,60,"asl_citizen,msasl,wlasl"
sunbathe,59,asl_citizen
strain,59,asl_citizen
son,59,"asl_citizen,msasl,wlasl"
draw,59,"asl_citizen,msasl,wlasl"
computer,59,"asl_citizen,msasl,wlasl"
takeoff,59,asl_citizen
curl,59,asl_citizen
kite,59,asl_citizen
suspenders,59,asl_citizen
mop,59,asl_citizen
know,59,"asl_citizen,msasl,wlasl"
trim,59,asl_citizen
sign,58,"asl_citizen,msasl,wlasl"
please,58,"asl_citizen,msasl,wlasl"
future,58,"asl_citizen,msasl,wlasl"
paper,58,"asl_citizen,msasl,wlasl"
color,58,"asl_citizen,msasl,wlasl"
cheese,58,"asl_citizen,msasl,wlasl"
aunt,58,"asl_citizen,msasl,wlasl"
glasses,58,"asl_citizen,msasl,wlasl"
tomorrow,58,"asl_citizen,msasl,wlasl"
slow,58,"asl_citizen,msasl,wlasl"
class,58,"asl_citizen,msasl,wlasl"
spring,57,"asl_citizen,msasl,wlasl"
english,57,"asl_citizen,msasl,wlasl"
bread,57,"asl_citizen,msasl,wlasl"
grandmother,57,"asl_citizen,msasl,wlasl"
france,57,"asl_citizen,msasl,wlasl"
wednesday,57,"asl_citizen,msasl,wlasl"
daughter,57,"asl_citizen,msasl,wlasl"
now,57,"asl_citizen,msasl,wlasl"
happy,57,"asl_citizen,msasl,wlasl"
cold,57,"asl_citizen,msasl,wlasl"
home,57,"asl_citizen,msasl,wlasl"
here,57,"asl_citizen,msasl,wlasl"
work,57,"asl_citizen,msasl,wlasl"
box,56,"asl_citizen,msasl,wlasl"
sad,56,"asl_citizen,msasl,wlasl"
husband,56,"asl_citizen,msasl,wlasl"
lost,56,"asl_citizen,msasl"
thursday,56,"asl_citizen,msasl,wlasl"
why,56,"asl_citizen,msasl,wlasl"
wife,56,"asl_citizen,msasl,wlasl"
door,56,"asl_citizen,msasl,wlasl"
year,56,"asl_citizen,msasl,wlasl"
uncle,56,"asl_citizen,msasl,wlasl"
pencil,56,"asl_citizen,msasl,wlasl"
niece,56,"asl_citizen,msasl,wlasl"
bad,56,"asl_citizen,msasl,wlasl"
yesterday,55,"asl_citizen,msasl,wlasl"
table,55,"asl_citizen,msasl,wlasl"
marry,55,"asl_citizen,msasl,wlasl"
time,55,"asl_citizen,msasl,wlasl"
grandfather,55,"asl_citizen,msasl,wlasl"
later,55,"asl_citizen,msasl,wlasl"
late,55,"asl_citizen,msasl,wlasl"
hot,55,"asl_citizen,msasl,wlasl"
shoes,55,"asl_citizen,msasl,wlasl"
children,55,"asl_citizen,msasl,wlasl"
read,55,"asl_citizen,msasl,wlasl"
afternoon,55,"asl_citizen,msasl,wlasl"
old,55,"asl_citizen,msasl,wlasl"
morning,55,"asl_citizen,msasl,wlasl"
my,55,"asl_citizen,msasl,wlasl"
all,55,"asl_citizen,msasl,wlasl"
light,55,"asl_citizen,msasl,wlasl"
before,55,"asl_citizen,msasl,wlasl"
have,55,"asl_citizen,msasl,wlasl"
graduate,54,"asl_citizen,msasl,wlasl"
not,54,"asl_citizen,msasl,wlasl"
day,54,"asl_citizen,msasl,wlasl"
die,54,"asl_citizen,msasl,wlasl"
watch,54,"asl_citizen,msasl,wlasl"
sunday,54,"asl_citizen,msasl,wlasl"
accident,54,"asl_citizen,msasl,wlasl"
wrong,54,"asl_citizen,msasl,wlasl"
kitchen,54,"asl_citizen,msasl,wlasl"
buy,54,"asl_citizen,msasl,wlasl"
thin,54,"asl_citizen,msasl,wlasl"
hungry,54,"asl_citizen,msasl,wlasl"
cow,54,"asl_citizen,msasl,wlasl"
hello,54,"asl_citizen,msasl,wlasl"
nurse,54,"asl_citizen,msasl,wlasl"
coffee,54,"asl_citizen,msasl,wlasl"
new,54,"asl_citizen,msasl,wlasl"
outside,53,"asl_citizen,msasl,wlasl"
we,53,"asl_citizen,msasl,wlasl"
government,53,"asl_citizen,msasl,wlasl"
beard,53,"asl_citizen,msasl,wlasl"
africa,53,"asl_citizen,msasl,wlasl"
one,53,"asl_citizen,msasl,wlasl"
study,53,"asl_citizen,msasl,wlasl"
week,53,"asl_citizen,msasl,wlasl"
your,53,"asl_citizen,msasl,wlasl"
meet,53,"asl_citizen,msasl,wlasl"
hurt,53,"asl_citizen,msasl,wlasl"
more,53,"asl_citizen,msasl,wlasl"
egg,53,"asl_citizen,msasl,wlasl"
thanksgiving,53,"asl_citizen,msasl,wlasl"
today,53,"asl_citizen,msasl,wlasl"
nephew,53,"asl_citizen,msasl,wlasl"
vacation,53,"asl_citizen,msasl,wlasl"
medicine,53,"asl_citizen,msasl,wlasl"
last,53,"asl_citizen,msasl,wlasl"
university,53,"asl_citizen,msasl,wlasl"
cookie,53,"asl_citizen,msasl,wlasl"
horse,52,"asl_citizen,msasl,wlasl"
train,52,"asl_citizen,msasl,wlasl"
feel,52,"asl_citizen,msasl,wlasl"
europe,52,"asl_citizen,msasl,wlasl"
lie,52,"asl_citizen,msasl,wlasl"
salad,52,"asl_citizen,msasl,wlasl"
friendly,52,"asl_citizen,msasl,wlasl"
tiger,52,"asl_citizen,msasl,wlasl"
from,52,"asl_citizen,msasl,wlasl"
some,52,"asl_citizen,msasl,wlasl"
two,52,"asl_citizen,msasl,wlasl"
restaurant,52,"asl_citizen,msasl,wlasl"
cup,52,"asl_citizen,msasl,wlasl"
flower,52,"asl_citizen,msasl,wlasl"
bus,52,"asl_citizen,msasl,wlasl"
ready,52,"asl_citizen,msasl,wlasl"
go,52,"asl_citizen,msasl,wlasl"
tea,52,"asl_citizen,msasl,wlasl"
early,51,"asl_citizen,msasl,wlasl"
chocolate,51,"asl_citizen,msasl,wlasl"
cafeteria,51,"asl_citizen,msasl,wlasl"
monday,51,"asl_citizen,msasl,wlasl"
clothes,51,"asl_citizen,msasl,wlasl"
big,51,"asl_citizen,msasl,wlasl"
salt,51,"asl_citizen,msasl,wlasl"
saturday,51,"asl_citizen,msasl,wlasl"
sweet,51,"asl_citizen,msasl,wlasl"
practice,51,"asl_citizen,msasl,wlasl"
soda,51,"asl_citizen,msasl,wlasl"
boyfriend,51,"asl_citizen,msasl,wlasl"
full,51,"asl_citizen,msasl,wlasl"
greece,51,"asl_citizen,msasl,wlasl"
window,51,"asl_citizen,msasl,wlasl"
paint,50,"asl_citizen,msasl,wlasl"
asia,50,"asl_citizen,msasl,wlasl"
bicycle,50,"asl_citizen,msasl,wlasl"
travel,50,"asl_citizen,msasl,wlasl"
love,50,"asl_citizen,msasl,wlasl"
soup,50,"asl_citizen,msasl,wlasl"
ball,50,"asl_citizen,msasl,wlasl"
give,50,"asl_citizen,msasl,wlasl"
fruit,50,"asl_citizen,msasl,wlasl"
sell,50,"asl_citizen,msasl,wlasl"
australia,50,"asl_citizen,msasl,wlasl"
visit,50,"asl_citizen,msasl,wlasl"
ugly,50,"asl_citizen,msasl,wlasl"
animal,50,"asl_citizen,msasl,wlasl"
tuesday,50,"asl_citizen,msasl,wlasl"
important,50,"asl_citizen,msasl,wlasl"
house,50,"asl_citizen,msasl,wlasl"
church,50,"asl_citizen,msasl,wlasl"
me,50,"asl_citizen,msasl,wlasl"
elephant,50,"asl_citizen,msasl,wlasl"
wood,50,"asl_citizen,msasl,wlasl"
dress,50,"asl_citizen,msasl,wlasl"
surprise,50,"asl_citizen,msasl,wlasl"
divorce,50,"asl_citizen,msasl,wlasl"
fat,50,"asl_citizen,msasl,wlasl"
which,50,"asl_citizen,msasl,wlasl"
dirty,50,"asl_citizen,msasl,wlasl"
smart,50,"asl_citizen,msasl,wlasl"
office,50,"asl_citizen,msasl,wlasl"
science,49,"asl_citizen,msasl,wlasl"
russia,49,"asl_citizen,msasl,wlasl"
fast,49,"asl_citizen,msasl,wlasl"
people,49,"asl_citizen,msasl,wlasl"
strange,49,"asl_citizen,msasl,wlasl"
many,49,"asl_citizen,msasl,wlasl"
cereal,49,"asl_citizen,msasl,wlasl"
potato,49,"asl_citizen,msasl,wlasl"
three,49,"asl_citizen,msasl,wlasl"
adopt,49,"asl_citizen,msasl,wlasl"
wow,49,"asl_citizen,msasl,wlasl"
socks,49,"asl_citizen,msasl,wlasl"
canada,49,"asl_citizen,msasl,wlasl"
see,49,"asl_citizen,msasl,wlasl"
frog,49,"asl_citizen,msasl,wlasl"
boss,49,"asl_citizen,msasl,wlasl"
library,49,"asl_citizen,msasl,wlasl"
principal,49,"asl_citizen,msasl,wlasl"
basement,49,"asl_citizen,msasl,wlasl"
summer,49,"asl_citizen,msasl,wlasl"
change,49,"asl_citizen,msasl,wlasl"
hour,49,"asl_citizen,msasl,wlasl"
blanket,49,"asl_citizen,msasl,wlasl"
steal,49,"asl_citizen,msasl,wlasl"
music,49,"asl_citizen,msasl,wlasl"
better,49,"asl_citizen,msasl,wlasl"
hamburger,49,"asl_citizen,msasl,wlasl"
giraffe,49,"asl_citizen,msasl,wlasl"
find,49,"asl_citizen,msasl,wlasl"
cough,49,"asl_citizen,msasl,wlasl"
lion,49,"asl_citizen,msasl,wlasl"
alarm,49,"asl_citizen,msasl,wlasl"
sorry,49,"asl_citizen,msasl,wlasl"
butter,49,"asl_citizen,msasl,wlasl"
month,49,"asl_citizen,msasl,wlasl"
weekend,48,"asl_citizen,msasl,wlasl"
everyday,48,"asl_citizen,msasl,wlasl"
baseball,48,"asl_citizen,msasl,wlasl"
skirt,48,"asl_citizen,msasl,wlasl"
key,48,"asl_citizen,msasl,wlasl"
bye,48,"asl_citizen,msasl,wlasl"
car,48,"asl_citizen,msasl,wlasl"
bath,48,"asl_citizen,msasl,wlasl"
football,48,"asl_citizen,msasl,wlasl"
take,48,"asl_citizen,msasl,wlasl"
secretary,48,"asl_citizen,msasl,wlasl"
past,48,"asl_citizen,msasl,wlasl"
bacon,48,"asl_citizen,msasl,wlasl"
quiet,48,"asl_citizen,msasl,wlasl"
mustache,48,"asl_citizen,msasl,wlasl"
business,48,"asl_citizen,msasl,wlasl"
friday,48,"asl_citizen,msasl,wlasl"
near,48,"asl_citizen,msasl,wlasl"
never,48,"asl_citizen,msasl,wlasl"
tell,48,"asl_citizen,msasl,wlasl"
vegetable,48,"asl_citizen,msasl,wlasl"
most,48,"asl_citizen,msasl,wlasl"
mad,48,"asl_citizen,msasl,wlasl"
tomato,48,"asl_citizen,msasl,wlasl"
first,48,"asl_citizen,msasl,wlasl"
delicious,48,"asl_citizen,msasl,wlasl"
germany,48,"asl_citizen,msasl,wlasl"
gold,48,"asl_citizen,msasl,wlasl"
leave,48,"asl_citizen,msasl,wlasl"
argue,48,"asl_citizen,msasl,wlasl"
far,48,"asl_citizen,msasl,wlasl"
history,48,"asl_citizen,msasl,wlasl"
shower,48,"asl_citizen,msasl,wlasl"
bear,48,"asl_citizen,msasl,wlasl"
lazy,48,"asl_citizen,msasl,wlasl"
child,48,"asl_citizen,msasl,wlasl"
grass,48,"asl_citizen,msasl,wlasl"
minute,48,"asl_citizen,msasl,wlasl"
law,48,"asl_citizen,msasl,wlasl"
toast,48,"asl_citizen,msasl,wlasl"
exercise,48,"asl_citizen,msasl,wlasl"
headache,48,"asl_citizen,msasl,wlasl"
since,48,"asl_citizen,msasl,wlasl"
chat,48,"asl_citizen,msasl,wlasl"
alone,48,"asl_citizen,msasl,wlasl"
pregnant,48,"asl_citizen,msasl,wlasl"
always,47,"asl_citizen,msasl,wlasl"
eight,47,"asl_citizen,msasl,wlasl"
seem,47,"asl_citizen,msasl,wlasl"
small,47,"asl_citizen,msasl,wlasl"
seven,47,"asl_citizen,msasl,wlasl"
math,47,"asl_citizen,msasl,wlasl"
america,47,"asl_citizen,msasl,wlasl"
pig,47,"asl_citizen,msasl,wlasl"
scissors,47,"asl_citizen,msasl,wlasl"
pepper,47,"asl_citizen,msasl,wlasl"
plus,47,"asl_citizen,msasl,wlasl"
wait,47,"asl_citizen,msasl,wlasl"
with,47,"asl_citizen,msasl,wlasl"
enjoy,47,"asl_citizen,msasl,wlasl"
show,47,"asl_citizen,msasl,wlasl"
dry,47,"asl_citizen,msasl,wlasl"
japan,47,"asl_citizen,msasl,wlasl"
language,47,"asl_citizen,msasl,wlasl"
vomit,47,"asl_citizen,msasl,wlasl"
six,47,"asl_citizen,msasl,wlasl"
silly,47,"asl_citizen,msasl,wlasl"
laugh,47,"asl_citizen,msasl,wlasl"
excited,47,"asl_citizen,msasl,wlasl"
egypt,47,"asl_citizen,msasl,wlasl"
country,47,"asl_citizen,msasl,wlasl"
turtle,47,"asl_citizen,msasl,wlasl"
newspaper,47,"asl_citizen,msasl,wlasl"
think,47,"asl_citizen,msasl,wlasl"
ok,47,"asl_citizen,msasl,wlasl"
tree,47,"asl_citizen,msasl,wlasl"
stay,47,"asl_citizen,msasl,wlasl"
butterfly,47,"asl_citizen,msasl,wlasl"
busy,47,"asl_citizen,msasl,wlasl"
complain,47,"asl_citizen,msasl,wlasl"
start,47,"asl_citizen,msasl,wlasl"
couch,47,"asl_citizen,msasl,wlasl"
shy,46,"asl_citizen,msasl,wlasl"
plate,46,"asl_citizen,msasl,wlasl"
israel,46,"asl_citizen,msasl,wlasl"
weather,46,"asl_citizen,msasl,wlasl"
list,46,"asl_citizen,msasl,wlasl"
fun,46,"asl_citizen,msasl,wlasl"
sweep,46,"asl_citizen,msasl,wlasl"
fire,46,"asl_citizen,msasl,wlasl"
gray,46,"asl_citizen,msasl,wlasl"
win,46,"asl_citizen,msasl,wlasl"
monkey,46,"asl_citizen,msasl,wlasl"
east,46,"asl_citizen,msasl,wlasl"
garage,46,"asl_citizen,msasl,wlasl"
cost,46,"asl_citizen,msasl,wlasl"
phone,46,"asl_citizen,msasl,wlasl"
match,46,"asl_citizen,msasl,wlasl"
star,46,"asl_citizen,msasl,wlasl"
face,46,"asl_citizen,msasl,wlasl"
appointment,46,"asl_citizen,msasl,wlasl"
fly,46,"asl_citizen,msasl,wlasl"
popcorn,46,"asl_citizen,msasl,wlasl"
close,46,"asl_citizen,msasl,wlasl"
back,46,"asl_citizen,msasl,wlasl"
birthday,46,"asl_citizen,msasl,wlasl"
microwave,46,"asl_citizen,msasl,wlasl"
favorite,46,"asl_citizen,msasl,wlasl"
onion,46,"asl_citizen,msasl,wlasl"
four,46,"asl_citizen,msasl,wlasl"
retire,46,"asl_citizen,msasl,wlasl"
jump,46,"asl_citizen,msasl,wlasl"
weak,46,"asl_citizen,msasl,wlasl"
rain,46,"asl_citizen,msasl,wlasl"
in,45,"asl_citizen,msasl,wlasl"
arrive,45,"asl_citizen,msasl,wlasl"
break,45,"asl_citizen,msasl,wlasl"
boat,45,"asl_citizen,msasl,wlasl"
destroy,45,"asl_citizen,msasl,wlasl"
nine,45,"asl_citizen,msasl,wlasl"
homework,45,"asl_citizen,msasl,wlasl"
dessert,45,"asl_citizen,msasl,wlasl"
strong,45,"asl_citizen,msasl,wlasl"
deer,45,"asl_citizen,msasl,wlasl"
warm,45,"asl_citizen,msasl,wlasl"
internet,45,"asl_citizen,msasl,wlasl"
camping,45,"asl_citizen,msasl,wlasl"
example,45,"asl_citizen,msasl,wlasl"
beer,45,"asl_citizen,msasl,wlasl"
discuss,45,"asl_citizen,msasl,wlasl"
north,45,"asl_citizen,msasl,wlasl"
check,45,"asl_citizen,msasl,wlasl"
humble,45,"asl_citizen,msasl,wlasl"
careful,45,"asl_citizen,msasl,wlasl"
answer,45,"asl_citizen,msasl,wlasl"
sometimes,45,"asl_citizen,msasl,wlasl"
motorcycle,45,"asl_citizen,msasl,wlasl"
bowl,45,"asl_citizen,msasl,wlasl"
west,45,"asl_citizen,msasl,wlasl"
winter,45,"asl_citizen,msasl,wlasl"
expensive,45,"asl_citizen,msasl,wlasl"
whale,45,"asl_citizen,msasl,wlasl"
shrimp,45,"asl_citizen,msasl,wlasl"
cake,45,"asl_citizen,msasl,wlasl"
italy,44,"asl_citizen,msasl,wlasl"
maybe,44,"asl_citizen,msasl,wlasl"
up,44,"asl_citizen,msasl,wlasl"
heart,44,"asl_citizen,msasl,wlasl"
pay,44,"asl_citizen,msasl,wlasl"
stop,44,"asl_citizen,msasl,wlasl"
hard,44,"asl_citizen,msasl,wlasl"
fight,44,"asl_citizen,msasl,wlasl"
transfer,44,"asl_citizen,msasl,wlasl"
few,44,"asl_citizen,msasl,wlasl"
china,44,"asl_citizen,msasl,wlasl"
street,44,"asl_citizen,msasl,wlasl"
gone,44,"asl_citizen,msasl,wlasl"
email,44,"asl_citizen,msasl,wlasl"
save,44,"asl_citizen,msasl,wlasl"
worm,44,"asl_citizen,msasl,wlasl"
airplane,44,"asl_citizen,msasl,wlasl"
picture,44,"asl_citizen,msasl,wlasl"
game,44,"asl_citizen,msasl,wlasl"
spider,44,"asl_citizen,msasl,wlasl"
meeting,44,"asl_citizen,msasl,wlasl"
jealous,44,"asl_citizen,msasl,wlasl"
fox,44,"asl_citizen,msasl,wlasl"
front,44,"asl_citizen,msasl,wlasl"
single,44,"asl_citizen,msasl,wlasl"
thirsty,44,"asl_citizen,msasl,wlasl"
actor,44,"asl_citizen,msasl,wlasl"
perfect,44,"asl_citizen,msasl,wlasl"
parents,44,"asl_citizen,msasl,wlasl"
candle,44,"asl_citizen,msasl,wlasl"
pull,44,"asl_citizen,msasl,wlasl"
bald,44,"asl_citizen,msasl,wlasl"
mouse,44,"asl_citizen,msasl,wlasl"
snake,44,"asl_citizen,msasl,wlasl"
together,44,"asl_citizen,msasl,wlasl"
spain,44,"asl_citizen,msasl,wlasl"
spoon,44,"asl_citizen,msasl,wlasl"
happen,44,"asl_citizen,msasl,wlasl"
army,44,"asl_citizen,msasl,wlasl"
area,44,"asl_citizen,msasl,wlasl"
stairs,44,"asl_citizen,msasl,wlasl"
squirrel,44,"asl_citizen,msasl,wlasl"
sleep,44,"asl_citizen,msasl,wlasl"
disappear,44,"asl_citizen,msasl,wlasl"
rude,44,"asl_citizen,msasl,wlasl"
easter,44,"asl_citizen,msasl,wlasl"
world,43,"asl_citizen,msasl,wlasl"
group,43,"asl_citizen,msasl,wlasl"
after,43,"asl_citizen,msasl,wlasl"
drop,43,"asl_citizen,msasl,wlasl"
gossip,43,"asl_citizen,msasl,wlasl"
center,43,"asl_citizen,msasl,wlasl"
radio,43,"asl_citizen,msasl,wlasl"
bug,43,"asl_citizen,msasl,wlasl"
fail,43,"asl_citizen,msasl,wlasl"
roommate,43,"asl_citizen,msasl,wlasl"
eyes,43,"asl_citizen,msasl,wlasl"
switzerland,43,"asl_citizen,msasl,wlasl"
head,43,"asl_citizen,msasl,wlasl"
cheap,43,"asl_citizen,msasl,wlasl"
nose,43,"asl_citizen,msasl,wlasl"
sweetheart,43,"asl_citizen,msasl,wlasl"
team,43,"asl_citizen,msasl,wlasl"
often,43,"asl_citizen,msasl,wlasl"
towel,43,"asl_citizen,msasl,wlasl"
sew,43,"asl_citizen,msasl,wlasl"
angry,43,"asl_citizen,msasl,wlasl"
get,43,"asl_citizen,msasl,wlasl"
listen,43,"asl_citizen,msasl,wlasl"
piano,43,"asl_citizen,msasl,wlasl"
bright,43,"asl_citizen,msasl,wlasl"
our,43,"asl_citizen,msasl,wlasl"
lousy,43,"asl_citizen,msasl,wlasl"
there,43,"asl_citizen,msasl,wlasl"
funny,43,"asl_citizen,msasl,wlasl"
floor,43,"asl_citizen,msasl,wlasl"
silver,43,"asl_citizen,msasl,wlasl"
south,43,"asl_citizen,msasl,wlasl"
young,43,"asl_citizen,msasl,wlasl"
hanukkah,43,"asl_citizen,msasl,wlasl"
pass,43,"asl_citizen,msasl,wlasl"
so,43,"asl_citizen,msasl"
umbrella,43,"asl_citizen,msasl,wlasl"
therapy,43,"asl_citizen,msasl,wlasl"
copy,43,"asl_citizen,msasl,wlasl"
pie,43,"asl_citizen,msasl,wlasl"
wall,43,"asl_citizen,msasl,wlasl"
use,43,"asl_citizen,msasl,wlasl"
wet,43,"asl_citizen,msasl,wlasl"
counselor,43,"asl_citizen,msasl,wlasl"
earthquake,43,"asl_citizen,msasl,wlasl"
goat,43,"asl_citizen,msasl,wlasl"
biology,43,"asl_citizen,msasl,wlasl"
golf,43,"asl_citizen,msasl,wlasl"
left,42,"asl_citizen,msasl,wlasl"
champion,42,"asl_citizen,wlasl"
ask,42,"asl_citizen,msasl,wlasl"
magazine,42,"asl_citizen,msasl,wlasl"
if,42,"asl_citizen,msasl,wlasl"
eleven,42,"asl_citizen,msasl"
challenge,42,"asl_citizen,msasl,wlasl"
make,42,"asl_citizen,msasl,wlasl"
total,42,"asl_citizen,msasl,wlasl"
join,42,"asl_citizen,msasl,wlasl"
tennis,42,"asl_citizen,msasl,wlasl"
stubborn,42,"asl_citizen,msasl,wlasl"
hurry,42,"asl_citizen,msasl,wlasl"
drive,42,"asl_citizen,msasl,wlasl"
ticket,42,"asl_citizen,msasl,wlasl"
bar,42,"asl_citizen,wlasl"
mouth,42,"asl_citizen,msasl,wlasl"
plan,42,"asl_citizen,msasl,wlasl"
physics,42,"asl_citizen,msasl,wlasl"
worry,42,"asl_citizen,msasl,wlasl"
open,42,"asl_citizen,msasl,wlasl"
hockey,42,"asl_citizen,msasl,wlasl"
any,42,"asl_citizen,msasl,wlasl"
bedroom,42,"asl_citizen,msasl,wlasl"
because,42,"asl_citizen,wlasl"
moon,42,"asl_citizen,msasl,wlasl"
easy,42,"asl_citizen,msasl,wlasl"
date,42,"asl_citizen,msasl,wlasl"
and,42,"asl_citizen,msasl,wlasl"
his,42,"asl_citizen,msasl,wlasl"
engineer,42,"asl_citizen,msasl,wlasl"
traffic,42,"asl_citizen,msasl,wlasl"
celebrate,42,"asl_citizen,msasl,wlasl"
wedding,42,"asl_citizen,msasl,wlasl"
loud,42,"asl_citizen,msasl,wlasl"
comfortable,42,"asl_citizen,msasl,wlasl"
lawyer,42,"asl_citizen,msasl,wlasl"
equal,42,"asl_citizen,msasl,wlasl"
environment,41,"asl_citizen,wlasl"
rest,41,"asl_citizen,msasl,wlasl"
push,41,"asl_citizen,msasl,wlasl"
refuse,41,"asl_citizen,msasl,wlasl"
gym,41,"asl_citizen,msasl"
earn,41,"asl_citizen,msasl,wlasl"
mushroom,41,"asl_citizen,msasl,wlasl"
move,41,"asl_citizen,wlasl"
brave,41,"asl_citizen,msasl,wlasl"
stuck,41,"asl_citizen,msasl,wlasl"
snob,41,"asl_citizen,msasl,wlasl"
freeze,41,"asl_citizen,msasl,wlasl"
for,41,"asl_citizen,msasl,wlasl"
hope,41,"asl_citizen,wlasl"
metal,41,"asl_citizen,msasl,wlasl"
sheep,41,"asl_citizen,msasl,wlasl"
interest,41,"asl_citizen,wlasl"
interpreter,41,"asl_citizen,msasl,wlasl"
dictionary,41,"asl_citizen,msasl,wlasl"
score,41,"asl_citizen,wlasl"
guilty,41,"asl_citizen,msasl,wlasl"
ocean,41,"asl_citizen,msasl,wlasl"
fault,41,"asl_citizen,wlasl"
strict,41,"asl_citizen,msasl,wlasl"
sun,41,"asl_citizen,msasl,wlasl"
dresser,41,"asl_citizen,msasl"
wine,41,"asl_citizen,msasl,wlasl"
room,41,"asl_citizen,wlasl"
rock,41,"asl_citizen,msasl,wlasl"
both,41,"asl_citizen,msasl,wlasl"
down,41,"asl_citizen,msasl,wlasl"
perspective,40,"asl_citizen,wlasl"
freeway,40,"asl_citizen,msasl,wlasl"
psychology,40,"asl_citizen,msasl,wlasl"
half,40,"asl_citizen,msasl,wlasl"
next,40,"asl_citizen,msasl,wlasl"
major,40,"asl_citizen,msasl,wlasl"
lose,40,"asl_citizen,wlasl"
improve,40,"asl_citizen,wlasl"
farm,40,"asl_citizen,wlasl"
fix,40,"asl_citizen,msasl,wlasl"
grammar,40,"asl_citizen,wlasl"
mischievous,40,"asl_citizen,msasl"
health,40,"asl_citizen,msasl,wlasl"
famous,40,"asl_citizen,msasl,wlasl"
rainbow,40,"asl_citizen,msasl,wlasl"
introduce,40,"asl_citizen,msasl,wlasl"
lead,40,"asl_citizen,msasl,wlasl"
rich,40,"asl_citizen,msasl,wlasl"
true,40,"asl_citizen,msasl,wlasl"
due,40,"asl_citizen,msasl,wlasl"
theory,40,"asl_citizen,wlasl"
crazy,40,"asl_citizen,msasl,wlasl"
scared,40,"asl_citizen,wlasl"
volleyball,40,"asl_citizen,msasl,wlasl"
balloon,40,"asl_citizen,wlasl"
balance,40,"asl_citizen,wlasl"
add,40,"asl_citizen,wlasl"
that,40,"asl_citizen,msasl,wlasl"
voice,40,"asl_citizen,wlasl"
barely,40,"asl_citizen,wlasl"
awkward,40,"asl_citizen,msasl,wlasl"
become,40,"asl_citizen,msasl,wlasl"
accept,40,"asl_citizen,msasl,wlasl"
vote,40,"asl_citizen,wlasl"
still,40,"asl_citizen,msasl,wlasl"
long,39,"asl_citizen,msasl,wlasl"
word,39,"asl_citizen,wlasl"
pear,39,"asl_citizen,msasl,wlasl"
great,39,"asl_citizen,wlasl"
appear,39,"asl_citizen,wlasl"
possible,39,"asl_citizen,wlasl"
bottom,39,"asl_citizen,wlasl"
adult,39,"asl_citizen,msasl,wlasl"
furniture,39,"asl_citizen,msasl,wlasl"
accountant,39,"asl_citizen,msasl,wlasl"
lonely,39,"asl_citizen,msasl,wlasl"
ring,39,"asl_citizen,msasl,wlasl"
bottle,39,"asl_citizen,wlasl"
complex,39,"asl_citizen,wlasl"
gum,39,"asl_citizen,msasl,wlasl"
bathtub,39,"asl_citizen,msasl"
experience,39,"asl_citizen,wlasl"
rob,39,"asl_citizen,wlasl"
stomach,39,"asl_citizen,wlasl"
dizzy,39,"asl_citizen,msasl,wlasl"
crash,39,"asl_citizen,wlasl"
person,39,"asl_citizen,wlasl"
cut,39,"asl_citizen,wlasl"
sink,39,"asl_citizen,msasl"
tease,39,"asl_citizen,wlasl"
deep,39,"asl_citizen,wlasl"
analyze,39,"asl_citizen,wlasl"
camera,39,"asl_citizen,msasl,wlasl"
tent,39,"asl_citizen,wlasl"
ski,39,"asl_citizen,msasl,wlasl"
serious,39,"asl_citizen,msasl,wlasl"
fingerspell,39,"asl_citizen,msasl,wlasl"
send,39,"asl_citizen,msasl,wlasl"
form,39,"asl_citizen,wlasl"
different,39,"asl_citizen,wlasl"
museum,39,"asl_citizen,msasl,wlasl"
scientist,39,"asl_citizen,msasl,wlasl"
island,39,"asl_citizen,msasl,wlasl"
wind,39,"asl_citizen,wlasl"
chain,39,"asl_citizen,wlasl"
dive,39,"asl_citizen,wlasl"
point,39,"asl_citizen,wlasl"
bring,39,"asl_citizen,wlasl"
california,39,"asl_citizen,wlasl"
blind,39,"asl_citizen,wlasl"
king,39,"asl_citizen,wlasl"
stress,39,"asl_citizen,wlasl"
escape,39,"asl_citizen,wlasl"
straight,39,"asl_citizen,wlasl"
mirror,39,"asl_citizen,wlasl"
character,39,"asl_citizen,wlasl"
stink,39,"asl_citizen,wlasl"
clean,38,"asl_citizen,wlasl"
project,38,"asl_citizen,wlasl"
invest,38,"asl_citizen,wlasl"
innocent,38,"asl_citizen,msasl,wlasl"
embarrass,38,"asl_citizen,wlasl"
memorize,38,"asl_citizen,wlasl"
napkin,38,"asl_citizen,wlasl"
tournament,38,"asl_citizen,wlasl"
remove,38,"asl_citizen,wlasl"
lucky,38,"asl_citizen,wlasl"
middle,38,"asl_citizen,wlasl"
rough,38,"asl_citizen,wlasl"
religion,38,"asl_citizen,wlasl"
suspect,38,"asl_citizen,wlasl"
poor,38,"asl_citizen,msasl,wlasl"
translate,38,"asl_citizen,wlasl"
desert,38,"asl_citizen,wlasl"
text,38,"asl_citizen,wlasl"
vacuum,38,"asl_citizen,msasl"
must,38,"asl_citizen,wlasl"
secret,38,"asl_citizen,wlasl"
chop,38,"asl_citizen,wlasl"
off,38,"asl_citizen,wlasl"
ear,38,"asl_citizen,wlasl"
quit,38,"asl_citizen,wlasl"
dumb,38,"asl_citizen,msasl,wlasl"
violin,38,"asl_citizen,wlasl"
march,38,"asl_citizen,msasl,wlasl"
disconnect,38,"asl_citizen,wlasl"
miss,38,"asl_citizen,wlasl"
bank,38,"asl_citizen,msasl,wlasl"
test,38,"asl_citizen,wlasl"
postpone,38,"asl_citizen,wlasl"
come,38,"asl_citizen,msasl,wlasl"
result,38,"asl_citizen,wlasl"
soft,38,"asl_citizen,wlasl"
chase,38,"asl_citizen,wlasl"
none,38,"asl_citizen,wlasl"
cemetery,38,"asl_citizen,wlasl"
independent,38,"asl_citizen,wlasl"
reason,38,"asl_citizen,wlasl"
gas,38,"asl_citizen,wlasl"
focus,38,"asl_citizen,msasl"
flute,38,"asl_citizen,wlasl"
spaghetti,38,"asl_citizen,msasl"
sunset,38,"asl_citizen,wlasl"
waiter,38,"asl_citizen,msasl,wlasl"
guitar,38,"asl_citizen,wlasl"
drawer,38,"asl_citizen,wlasl"
melon,38,"asl_citizen,msasl"
attitude,38,"asl_citizen,wlasl"
judge,38,"asl_citizen,msasl,wlasl"
hammer,38,"asl_citizen,wlasl"
really,38,"asl_citizen,wlasl"
curious,38,"asl_citizen,msasl,wlasl"
wear,38,"asl_citizen,wlasl"
action,38,"asl_citizen,wlasl"
relationship,38,"asl_citizen,msasl,wlasl"
hawaii,38,"asl_citizen,wlasl"
bother,38,"asl_citizen,wlasl"
borrow,38,"asl_citizen,wlasl"
avoid,38,"asl_citizen,wlasl"
president,38,"asl_citizen,wlasl"
share,38,"asl_citizen,wlasl"
hate,38,"asl_citizen,msasl,wlasl"
goal,37,"asl_citizen,wlasl"
culture,37,"asl_citizen,msasl,wlasl"
network,37,"asl_citizen,wlasl"
grow,37,"asl_citizen,wlasl"
linguistics,37,"asl_citizen,wlasl"
sticky,37,"asl_citizen,wlasl"
situation,37,"asl_citizen,wlasl"
idea,37,"asl_citizen,wlasl"
calm,37,"asl_citizen,wlasl"
forest,37,"asl_citizen,wlasl"
neutral,37,"asl_citizen,wlasl"
pain,37,"asl_citizen,wlasl"
skin,37,"asl_citizen,wlasl"
catholic,37,"asl_citizen,wlasl"
influence,37,"asl_citizen,wlasl"
impossible,37,"asl_citizen,wlasl"
continue,37,"asl_citizen,wlasl"
contact,37,"asl_citizen,wlasl"
subtract,37,"asl_citizen,wlasl"
society,37,"asl_citizen,wlasl"
sound,37,"asl_citizen,wlasl"
category,37,"asl_citizen,wlasl"
sour,37,"asl_citizen,wlasl"
art,37,"asl_citizen,wlasl"
sports,37,"asl_citizen,msasl"
function,37,"asl_citizen,wlasl"
gallaudet,37,"asl_citizen,msasl,wlasl"
chair,37,"asl_citizen,wlasl"
volunteer,37,"asl_citizen,wlasl"
other,37,"asl_citizen,wlasl"
clear,37,"asl_citizen,wlasl"
machine,37,"asl_citizen,wlasl"
cannot,37,"asl_citizen,wlasl"
caption,37,"asl_citizen,wlasl"
stare,37,"asl_citizen,wlasl"
ghost,37,"asl_citizen,wlasl"
slave,37,"asl_citizen,wlasl"
straw,37,"asl_citizen,wlasl"
count,37,"asl_citizen,wlasl"
war,37,"asl_citizen,wlasl"
structure,37,"asl_citizen,wlasl"
carry,37,"asl_citizen,wlasl"
struggle,37,"asl_citizen,wlasl"
obsess,37,"asl_citizen,wlasl"
swallow,37,"asl_citizen,wlasl"
free,37,"asl_citizen,msasl,wlasl"
surgery,37,"asl_citizen,wlasl"
behavior,37,"asl_citizen,wlasl"
fake,37,"asl_citizen,wlasl"
expect,37,"asl_citizen,wlasl"
brag,37,"asl_citizen,wlasl"
popular,37,"asl_citizen,wlasl"
bracelet,37,"asl_citizen,wlasl"
energy,37,"asl_citizen,wlasl"
punish,37,"asl_citizen,wlasl"
power,37,"asl_citizen,wlasl"
without,37,"asl_citizen,wlasl"
jewelry,37,"asl_citizen,wlasl"
dream,37,"asl_citizen,wlasl"
wolf,37,"asl_citizen,wlasl"
joke,37,"asl_citizen,wlasl"
between,37,"asl_citizen,wlasl"
experiment,37,"asl_citizen,wlasl"
provide,37,"asl_citizen,wlasl"
quarter,37,"asl_citizen,msasl,wlasl"
enter,37,"asl_citizen,wlasl"
price,37,"asl_citizen,wlasl"
honor,37,"asl_citizen,wlasl"
double,37,"asl_citizen,wlasl"
lightning,37,"asl_citizen,wlasl"
laptop,37,"asl_citizen,wlasl"
doubt,37,"asl_citizen,wlasl"
top,37,"asl_citizen,wlasl"
print,37,"asl_citizen,wlasl"
land,37,"asl_citizen,wlasl"
drunk,37,"asl_citizen,wlasl"
keyboard,37,"asl_citizen,wlasl"
evidence,37,"asl_citizen,wlasl"
responsibility,37,"asl_citizen,wlasl"
blame,37,"asl_citizen,wlasl"
document,37,"asl_citizen,wlasl"
event,37,"asl_citizen,wlasl"
age,37,"asl_citizen,wlasl"
rule,37,"asl_citizen,wlasl"
angel,37,"asl_citizen,wlasl"
philosophy,37,"asl_citizen,wlasl"
cabinet,37,"asl_citizen,wlasl"
trouble,37,"asl_citizen,wlasl"
degree,37,"asl_citizen,wlasl"
shape,37,"asl_citizen,wlasl"
bell,37,"asl_citizen,wlasl"
benefit,37,"asl_citizen,wlasl"
blood,37,"asl_citizen,wlasl"
triangle,37,"asl_citizen,wlasl"
until,37,"asl_citizen,wlasl"
several,37,"asl_citizen,msasl,wlasl"
myself,37,"asl_citizen,wlasl"
emotion,37,"asl_citizen,wlasl"
earring,37,"asl_citizen,wlasl"
feedback,37,"asl_citizen,wlasl"
policy,37,"asl_citizen,wlasl"
divide,37,"asl_citizen,wlasl"
dissolve,37,"asl_citizen,wlasl"
end,37,"asl_citizen,wlasl"
kill,37,"asl_citizen,wlasl"
topic,37,"asl_citizen,wlasl"
much,37,"asl_citizen,wlasl"
invite,37,"asl_citizen,wlasl"
sculpture,37,"asl_citizen,wlasl"
building,37,"asl_citizen,wlasl"
cigarette,37,"asl_citizen,wlasl"
senate,37,"asl_citizen,wlasl"
label,37,"asl_citizen,wlasl"
tough,36,"asl_citizen,wlasl"
bless,36,"asl_citizen,wlasl"
negative,36,"asl_citizen,wlasl"
tradition,36,"asl_citizen,wlasl"
birth,36,"asl_citizen,wlasl"
try,36,"asl_citizen,wlasl"
truth,36,"asl_citizen,wlasl"
hide,36,"asl_citizen,wlasl"
octopus,36,"asl_citizen,wlasl"
god,36,"asl_citizen,wlasl"
bet,36,"asl_citizen,wlasl"
mind,36,"asl_citizen,wlasl"
behind,36,"asl_citizen,wlasl"
heavy,36,"asl_citizen,wlasl"
body,36,"asl_citizen,wlasl"
heaven,36,"asl_citizen,wlasl"
attention,36,"asl_citizen,wlasl"
awake,36,"asl_citizen,wlasl"
away,36,"asl_citizen,wlasl"
neck,36,"asl_citizen,wlasl"
guide,36,"asl_citizen,wlasl"
technology,36,"asl_citizen,wlasl"
hotel,36,"asl_citizen,msasl"
unique,36,"asl_citizen,wlasl"
tape,36,"asl_citizen,msasl"
hug,36,"asl_citizen,wlasl"
then,36,"asl_citizen,wlasl"
brush,36,"asl_citizen,wlasl"
breathe,36,"asl_citizen,wlasl"
boxing,36,"asl_citizen,wlasl"
tissue,36,"asl_citizen,wlasl"
to,36,"asl_citizen,wlasl"
very,36,"asl_citizen,wlasl"
hunt,36,"asl_citizen,wlasl"
ceiling,36,"asl_citizen,wlasl"
toilet,36,"asl_citizen,wlasl"
tongue,36,"asl_citizen,wlasl"
normal,36,"asl_citizen,wlasl"
audience,36,"asl_citizen,wlasl"
certificate,36,"asl_citizen,wlasl"
heap,36,"asl_citizen,wlasl"
beach,36,"asl_citizen,msasl"
blow,36,"asl_citizen,wlasl"
chance,36,"asl_citizen,wlasl"
bull,36,"asl_citizen,wlasl"
gorilla,36,"asl_citizen,wlasl"
mainstream,36,"asl_citizen,wlasl"
lesbian,36,"asl_citizen,wlasl"
expert,36,"asl_citizen,wlasl"
jewish,36,"asl_citizen,wlasl"
predict,36,"asl_citizen,wlasl"
precious,36,"asl_citizen,wlasl"
wish,36,"asl_citizen,wlasl"
admit,36,"asl_citizen,wlasl"
rose,36,"asl_citizen,wlasl"
doll,36,"asl_citizen,wlasl"
poop,36,"asl_citizen,wlasl"
rush,36,"asl_citizen,wlasl"
lecture,36,"asl_citizen,wlasl"
wide,36,"asl_citizen,wlasl"
lend,36,"asl_citizen,wlasl"
dig,36,"asl_citizen,wlasl"
pride,36,"asl_citizen,wlasl"
lesson,36,"asl_citizen,wlasl"
plant,36,"asl_citizen,wlasl"
place,36,"asl_citizen,wlasl"
diaper,36,"asl_citizen,wlasl"
diamond,36,"asl_citizen,wlasl"
pity,36,"asl_citizen,wlasl"
while,36,"asl_citizen,wlasl"
deodorant,36,"asl_citizen,wlasl"
deny,36,"asl_citizen,wlasl"
interview,36,"asl_citizen,wlasl"
weight,36,"asl_citizen,wlasl"
pick,36,"asl_citizen,wlasl"
alphabet,36,"asl_citizen,wlasl"
act,36,"asl_citizen,wlasl"
priest,36,"asl_citizen,wlasl"
photography,36,"asl_citizen,msasl"
quality,36,"asl_citizen,wlasl"
yourself,36,"asl_citizen,wlasl"
electrician,36,"asl_citizen,wlasl"
wrap,36,"asl_citizen,wlasl"
release,36,"asl_citizen,wlasl"
relief,36,"asl_citizen,wlasl"
earth,36,"asl_citizen,wlasl"
rat,36,"asl_citizen,wlasl"
worse,36,"asl_citizen,wlasl"
rake,36,"asl_citizen,wlasl"
each,36,"asl_citizen,wlasl"
resign,36,"asl_citizen,wlasl"
queen,36,"asl_citizen,wlasl"
above,36,"asl_citizen,wlasl"
puzzled,36,"asl_citizen,wlasl"
wonder,36,"asl_citizen,wlasl"
put,36,"asl_citizen,wlasl"
respect,36,"asl_citizen,wlasl"
enough,36,"asl_citizen,wlasl"
eraser,36,"asl_citizen,wlasl"
drum,36,"asl_citizen,wlasl"
pumpkin,36,"asl_citizen,wlasl"
evaluate,36,"asl_citizen,wlasl"
revenge,36,"asl_citizen,wlasl"
psychologist,36,"asl_citizen,msasl,wlasl"
proof,36,"asl_citizen,wlasl"
promise,36,"asl_citizen,wlasl"
program,36,"asl_citizen,wlasl"
prison,36,"asl_citizen,wlasl"
shelf,36,"asl_citizen,wlasl"
finally,36,"asl_citizen,wlasl"
should,36,"asl_citizen,wlasl"
smell,36,"asl_citizen,wlasl"
warn,36,"asl_citizen,wlasl"
smooth,36,"asl_citizen,wlasl"
infection,36,"asl_citizen,wlasl"
wallet,36,"asl_citizen,wlasl"
announce,36,"asl_citizen,wlasl"
paragraph,36,"asl_citizen,wlasl"
conflict,36,"asl_citizen,wlasl"
parade,36,"asl_citizen,wlasl"
concept,36,"asl_citizen,wlasl"
community,36,"asl_citizen,wlasl"
specific,36,"asl_citizen,wlasl"
committee,36,"asl_citizen,wlasl"
page,36,"asl_citizen,wlasl"
gamble,36,"asl_citizen,wlasl"
comment,36,"asl_citizen,wlasl"
owe,36,"asl_citizen,wlasl"
over,36,"asl_citizen,wlasl"
coconut,36,"asl_citizen,wlasl"
stadium,36,"asl_citizen,wlasl"
vocabulary,36,"asl_citizen,wlasl"
assist,36,"asl_citizen,wlasl"
coach,36,"asl_citizen,wlasl"
assistant,36,"asl_citizen,wlasl"
clown,36,"asl_citizen,wlasl"
gift,36,"asl_citizen,wlasl"
ignore,36,"asl_citizen,wlasl"
visitor,36,"asl_citizen,wlasl"
corner,36,"asl_citizen,wlasl"
locker,36,"asl_citizen,msasl"
line,36,"asl_citizen,wlasl"
inside,36,"asl_citizen,wlasl"
insurance,36,"asl_citizen,wlasl"
period,36,"asl_citizen,wlasl"
side,36,"asl_citizen,wlasl"
sing,36,"asl_citizen,wlasl"
siren,36,"asl_citizen,wlasl"
fool,36,"asl_citizen,wlasl"
skate,36,"asl_citizen,wlasl"
institute,36,"asl_citizen,wlasl"
fourth,36,"asl_citizen,wlasl"
waste,36,"asl_citizen,wlasl"
lipstick,36,"asl_citizen,wlasl"
wander,36,"asl_citizen,wlasl"
alcohol,35,"asl_citizen,wlasl"
agreement,35,"asl_citizen,wlasl"
impact,35,"asl_citizen,wlasl"
holy,35,"asl_citizen,wlasl"
kid,35,"asl_citizen,wlasl"
member,35,"asl_citizen,wlasl"
way,35,"asl_citizen,wlasl"
wheelchair,35,"asl_citizen,wlasl"
whatever,35,"asl_citizen,wlasl"
kindergarten,35,"asl_citizen,wlasl"
weird,35,"asl_citizen,wlasl"
babysitter,35,"asl_citizen,wlasl"
verb,35,"asl_citizen,wlasl"
vampire,35,"asl_citizen,wlasl"
admire,35,"asl_citizen,wlasl"
against,35,"asl_citizen,wlasl"
vlog,35,"asl_citizen,wlasl"
beg,35,"asl_citizen,wlasl"
visualize,35,"asl_citizen,wlasl"
advantage,35,"asl_citizen,wlasl"
zero,35,"asl_citizen,wlasl"
athlete,35,"asl_citizen,msasl"
article,35,"asl_citizen,wlasl"
apart,35,"asl_citizen,wlasl"
melt,35,"asl_citizen,wlasl"
hurricane,35,"asl_citizen,wlasl"
inspire,35,"asl_citizen,wlasl"
hop,35,"asl_citizen,wlasl"
junior,35,"asl_citizen,msasl"
april,35,"asl_citizen,wlasl"
under,35,"asl_citizen,wlasl"
arizona,35,"asl_citizen,wlasl"
manage,35,"asl_citizen,wlasl"
turn,35,"asl_citizen,wlasl"
workshop,35,"asl_citizen,wlasl"
accent,35,"asl_citizen,wlasl"
instead,35,"asl_citizen,wlasl"
keep,35,"asl_citizen,wlasl"
valley,35,"asl_citizen,wlasl"
honest,35,"asl_citizen,wlasl"
basic,35,"asl_citizen,wlasl"
microphone,35,"asl_citizen,wlasl"
average,35,"asl_citizen,wlasl"
leak,35,"asl_citizen,wlasl"
reduce,35,"asl_citizen,wlasl"
trophy,35,"asl_citizen,wlasl"
death,35,"asl_citizen,wlasl"
forbid,35,"asl_citizen,wlasl"
skill,35,"asl_citizen,wlasl"
crocodile,35,"asl_citizen,wlasl"
skunk,35,"asl_citizen,wlasl"
berry,35,"asl_citizen,wlasl"
peace,35,"asl_citizen,wlasl"
snowman,35,"asl_citizen,wlasl"
consume,35,"asl_citizen,wlasl"
sofa,35,"asl_citizen,wlasl"
congratulations,35,"asl_citizen,wlasl"
parallel,35,"asl_citizen,wlasl"
something,35,"asl_citizen,wlasl"
pancake,35,"asl_citizen,msasl"
commute,35,"asl_citizen,wlasl"
pack,35,"asl_citizen,wlasl"
overlook,35,"asl_citizen,wlasl"
square,35,"asl_citizen,wlasl"
gay,35,"asl_citizen,wlasl"
generation,35,"asl_citizen,wlasl"
squeeze,35,"asl_citizen,wlasl"
staff,35,"asl_citizen,wlasl"
click,35,"asl_citizen,wlasl"
once,35,"asl_citizen,wlasl"
danger,35,"asl_citizen,wlasl"
shame,35,"asl_citizen,wlasl"
stir,35,"asl_citizen,wlasl"
department,35,"asl_citizen,wlasl"
regular,35,"asl_citizen,wlasl"
race,35,"asl_citizen,wlasl"
duty,35,"asl_citizen,wlasl"
public,35,"asl_citizen,wlasl"
promote,35,"asl_citizen,wlasl"
priority,35,"asl_citizen,wlasl"
dormitory,35,"asl_citizen,wlasl"
pretty,35,"asl_citizen,wlasl"
road,35,"asl_citizen,wlasl"
explode,35,"asl_citizen,wlasl"
eyeglasses,35,"asl_citizen,wlasl"
robot,35,"asl_citizen,wlasl"
role,35,"asl_citizen,wlasl"
rooster,35,"asl_citizen,wlasl"
rope,35,"asl_citizen,wlasl"
sauce,35,"asl_citizen,wlasl"
sausage,35,"asl_citizen,wlasl"
plenty,35,"asl_citizen,wlasl"
kneel,35,"asl_citizen,wlasl"
finance,35,"asl_citizen,wlasl"
design,35,"asl_citizen,wlasl"
sensitive,35,"asl_citizen,wlasl"
sequence,35,"asl_citizen,wlasl"
on,35,"asl_citizen,wlasl"
scold,35,"asl_citizen,wlasl"
muscle,35,"asl_citizen,wlasl"
toothbrush,35,"asl_citizen,wlasl"
suspend,35,"asl_citizen,wlasl"
cards,35,"asl_citizen,wlasl"
sympathy,35,"asl_citizen,wlasl"
touch,35,"asl_citizen,wlasl"
than,35,"asl_citizen,wlasl"
tornado,35,"asl_citizen,wlasl"
tan,35,"asl_citizen,wlasl"
taste,35,"asl_citizen,wlasl"
cause,35,"asl_citizen,wlasl"
mosquito,35,"asl_citizen,wlasl"
calculator,35,"asl_citizen,wlasl"
habit,35,"asl_citizen,wlasl"
tobacco,35,"asl_citizen,wlasl"
he,35,"asl_citizen,msasl"
thermometer,35,"asl_citizen,wlasl"
buffalo,35,"asl_citizen,wlasl"
binoculars,35,"asl_citizen,wlasl"
monster,35,"asl_citizen,wlasl"
refrigerator,35,"asl_citizen,msasl"
high,35,"asl_citizen,wlasl"
best,35,"asl_citizen,wlasl"
summon,35,"asl_citizen,wlasl"
sunrise,35,"asl_citizen,wlasl"
mine,35,"asl_citizen,wlasl"
circle,35,"asl_citizen,wlasl"
grab,35,"asl_citizen,wlasl"
sure,35,"asl_citizen,wlasl"
misunderstand,35,"asl_citizen,wlasl"
director,34,"asl_citizen,wlasl"
ruin,34,"asl_citizen,wlasl"
safe,34,"asl_citizen,wlasl"
bone,34,"asl_citizen,wlasl"
will,34,"asl_citizen,wlasl"
replace,34,"asl_citizen,wlasl"
less,34,"asl_citizen,wlasl"
dragon,34,"asl_citizen,wlasl"
accomplish,34,"asl_citizen,wlasl"
scream,34,"asl_citizen,wlasl"
dice,34,"asl_citizen,wlasl"
either,34,"asl_citizen,wlasl"
murder,34,"asl_citizen,wlasl"
positive,34,"asl_citizen,wlasl"
request,34,"asl_citizen,wlasl"
journey,34,"asl_citizen,wlasl"
battery,34,"asl_citizen,wlasl"
roof,34,"asl_citizen,wlasl"
faculty,34,"asl_citizen,wlasl"
mock,34,"asl_citizen,wlasl"
rescue,34,"asl_citizen,wlasl"
address,34,"asl_citizen,wlasl"
engagement,34,"asl_citizen,wlasl"
dye,34,"asl_citizen,wlasl"
moose,34,"asl_citizen,wlasl"
prefer,34,"asl_citizen,wlasl"
express,34,"asl_citizen,wlasl"
drug,34,"asl_citizen,wlasl"
everything,34,"asl_citizen,wlasl"
sting,34,"asl_citizen,wlasl"
burp,34,"asl_citizen,wlasl"
french,34,"asl_citizen,wlasl"
award,34,"asl_citizen,wlasl"
penny,34,"asl_citizen,wlasl"
former,34,"asl_citizen,wlasl"
create,34,"asl_citizen,wlasl"
camel,34,"asl_citizen,wlasl"
cooperate,34,"asl_citizen,wlasl"
pickle,34,"asl_citizen,wlasl"
sophomore,34,"asl_citizen,msasl"
dancer,34,"asl_citizen,wlasl"
surgeon,34,"asl_citizen,wlasl"
owl,34,"asl_citizen,wlasl"
oral,34,"asl_citizen,wlasl"
or,34,"asl_citizen,wlasl"
clueless,34,"asl_citizen,wlasl"
magic,34,"asl_citizen,wlasl"
choke,34,"asl_citizen,wlasl"
crown,34,"asl_citizen,wlasl"
snowboard,34,"asl_citizen,msasl"
shampoo,34,"asl_citizen,wlasl"
amazing,34,"asl_citizen,wlasl"
license,34,"asl_citizen,wlasl"
teeth,34,"asl_citizen,wlasl"
weigh,34,"asl_citizen,wlasl"
philadelphia,34,"asl_citizen,wlasl"
defeat,34,"asl_citizen,wlasl"
interpret,34,"asl_citizen,wlasl"
value,33,"asl_citizen,wlasl"
process,33,"asl_citizen,wlasl"
resist,33,"asl_citizen,wlasl"
percent,33,"asl_citizen,wlasl"
prince,33,"asl_citizen,wlasl"
excuse,33,"asl_citizen,wlasl"
mention,33,"asl_citizen,wlasl"
league,33,"asl_citizen,wlasl"
out,33,"asl_citizen,wlasl"
scan,33,"asl_citizen,wlasl"
canoe,33,"asl_citizen,wlasl"
february,33,"asl_citizen,wlasl"
haircut,33,"asl_citizen,wlasl"
step,33,"asl_citizen,msasl"
knock,33,"asl_citizen,wlasl"
sshh,32,asl_citizen
temptation,32,asl_citizen
recording,32,asl_citizen
view,32,asl_citizen
workout,32,asl_citizen
speakers,32,asl_citizen
pullconvince,32,asl_citizen
videophone,32,asl_citizen
veryinterested,32,asl_citizen
shiny,32,asl_citizen
lookappearance,32,asl_citizen
things,32,asl_citizen
takecare,32,asl_citizen
preacher,32,"asl_citizen,wlasl"
lighter,32,asl_citizen
ponder,32,asl_citizen
pepsi,32,asl_citizen
wink,32,asl_citizen
peekaboo,32,asl_citizen
zoomoff,32,asl_citizen
creditcard,32,asl_citizen
dependon,32,asl_citizen
devil,32,"asl_citizen,wlasl"
fallingasleep,32,asl_citizen
channel,32,asl_citizen
cocaine,32,asl_citizen
anyone,32,asl_citizen
fraction,32,asl_citizen
cocacola,32,asl_citizen
grenade,32,asl_citizen
cheek,32,asl_citizen
cheesegrater,32,asl_citizen
baseballcap,32,asl_citizen
filter,32,asl_citizen
chicago,32,"asl_citizen,wlasl"
dodo,32,asl_citizen
backout,32,asl_citizen
explanation,32,asl_citizen
allofsudden,32,asl_citizen
gullible,32,asl_citizen
braids,32,asl_citizen
cancellation,32,asl_citizen
advertise,32,asl_citizen
eggbeater,32,asl_citizen
capture,32,asl_citizen
coverup,32,asl_citizen
curtain,32,"asl_citizen,wlasl"
calltty,32,asl_citizen
5dollars,32,asl_citizen
dontlike,31,asl_citizen
dontknow,31,asl_citizen
restallday,31,asl_citizen
dontfeellike,31,asl_citizen
dontmind,31,asl_citizen
roll,31,asl_citizen
row,31,asl_citizen
record,31,asl_citizen
recite,31,asl_citizen
register,31,asl_citizen
edge,31,asl_citizen
dontwant,31,asl_citizen
dryer,31,asl_citizen
easytodo,31,asl_citizen
remotecontrol,31,asl_citizen
roast,31,asl_citizen
donut,31,asl_citizen
downhill,31,asl_citizen
disrupt,31,asl_citizen
dressup,31,asl_citizen
retrieve,31,asl_citizen
drill,31,asl_citizen
drip,31,asl_citizen
easel,31,asl_citizen
ruler,31,asl_citizen
sametime,31,asl_citizen
disney,31,asl_citizen
dislike,31,asl_citizen
depress,31,asl_citizen
setup,31,asl_citizen
demote,31,asl_citizen
deflate,31,asl_citizen
shocked,31,asl_citizen
decline,31,asl_citizen
shortdistance,31,asl_citizen
shortperson,31,asl_citizen
shorts,31,asl_citizen
shot,31,asl_citizen
deafschool,31,asl_citizen
sideburns,31,asl_citizen
signature,31,asl_citizen
cutremovevid,31,asl_citizen
curlyhair,31,asl_citizen
crumple,31,asl_citizen
ski-ca,31,asl_citizen
depth,31,asl_citizen
self,31,asl_citizen
select,31,asl_citizen
scoop,31,asl_citizen
saltshaker,31,asl_citizen
samesame,31,asl_citizen
react,31,asl_citizen
santa,31,asl_citizen
sarcastic,31,asl_citizen
disappoint,31,asl_citizen
scarcely,31,asl_citizen
digup,31,asl_citizen
seesee,31,asl_citizen
scratch,31,asl_citizen
differentsituation,31,asl_citizen
script,31,asl_citizen
scrub,31,asl_citizen
sculpt,31,asl_citizen
seal,31,asl_citizen
devour,31,asl_citizen
elegance,31,asl_citizen
kitten,31,asl_citizen
range,31,asl_citizen
flip,31,asl_citizen
fringe,31,asl_citizen
friendsnomore,31,asl_citizen
frenchfries,31,asl_citizen
passout,31,asl_citizen
passport,31,asl_citizen
freckles,31,asl_citizen
freakout,31,asl_citizen
peacock,31,asl_citizen
fraud,31,asl_citizen
peck,31,asl_citizen
pen,31,asl_citizen
foul,31,asl_citizen
penis,31,asl_citizen
forgetful,31,asl_citizen
fond,31,asl_citizen
flipswitch,31,asl_citizen
persuade,31,asl_citizen
papercutter,31,asl_citizen
paintbrush,31,asl_citizen
own,31,asl_citizen
onlyone,31,asl_citizen
offend,31,asl_citizen
offthepoint,31,asl_citizen
glow,31,asl_citizen
glove,31,asl_citizen
giveup,31,asl_citizen
gettogether,31,asl_citizen
getthrough,31,asl_citizen
oops,31,asl_citizen
overwhelmed,31,asl_citizen
opportunity,31,asl_citizen
getinbed,31,asl_citizen
orangeeyes,31,asl_citizen
orangethroat,31,asl_citizen
organization,31,asl_citizen
ostrich,31,asl_citizen
gate,31,asl_citizen
flipflops,31,asl_citizen
pile,31,asl_citizen
emphasis,31,asl_citizen
pill,31,asl_citizen
powder,31,asl_citizen
prayer,31,asl_citizen
eyeturn,31,asl_citizen
eyesawake,31,asl_citizen
press,31,asl_citizen
pretend,31,asl_citizen
everyyear,31,asl_citizen
everynight,31,asl_citizen
producesign,31,asl_citizen
propeller,31,asl_citizen
protection,31,asl_citizen
protest,31,asl_citizen
crossheart,31,asl_citizen
escalator,31,asl_citizen
enginestart,31,asl_citizen
qm,31,asl_citizen
enemy,31,asl_citizen
fair,31,asl_citizen
possum,31,asl_citizen
fantasy,31,asl_citizen
planet,31,asl_citizen
pirate,31,asl_citizen
pissedoff,31,asl_citizen
pitcher,31,asl_citizen
film,31,asl_citizen
fillout,31,asl_citizen
pizzacutter,31,asl_citizen
figure,31,asl_citizen
fiance,31,asl_citizen
fascinated,31,asl_citizen
players,31,asl_citizen
playground,31,asl_citizen
plummet,31,asl_citizen
plunger,31,asl_citizen
fashion,31,asl_citizen
pointindex,31,asl_citizen
pole,31,asl_citizen
even,31,asl_citizen
sneakadventure,31,asl_citizen
crack,31,asl_citizen
bandage,31,asl_citizen
beans,31,asl_citizen
beanie,31,asl_citizen
beak,31,asl_citizen
tv,31,"asl_citizen,wlasl"
twirl,31,asl_citizen
twomore,31,asl_citizen
udder,31,asl_citizen
uncertain,31,asl_citizen
tty,31,asl_citizen
undergraduate,31,asl_citizen
bachelor,31,asl_citizen
upload,31,asl_citizen
us,31,asl_citizen
automatic,31,asl_citizen
vain,31,asl_citizen
auditorium,31,asl_citizen
tube,31,asl_citizen
beaver,31,asl_citizen
vibrate,31,asl_citizen
boilingmad,31,asl_citizen
brainstorm,31,asl_citizen
bowtie,31,asl_citizen
bounce,31,asl_citizen
timetotime,31,asl_citizen
tiny,31,asl_citizen
tiredof,31,asl_citizen
bolt,31,asl_citizen
blur,31,asl_citizen
bib,31,asl_citizen
toomuch,31,asl_citizen
blowmind,31,asl_citizen
bloom,31,asl_citizen
blond,31,asl_citizen
tractor,31,asl_citizen
biteonarm,31,asl_citizen
bison,31,asl_citizen
vest,31,asl_citizen
at,31,asl_citizen
slingshot,31,asl_citizen
9oclock,31,asl_citizen
whole,31,asl_citizen
willgo,31,asl_citizen
addict,31,asl_citizen
accordion,31,asl_citizen
access,31,asl_citizen
absolutelynothing,31,asl_citizen
abbreviate,31,asl_citizen
wrestle,31,asl_citizen
whisper,31,asl_citizen
wring,31,asl_citizen
8hour,31,asl_citizen
writeonwall,31,asl_citizen
yoyo,31,asl_citizen
yucky,31,asl_citizen
zebra,31,asl_citizen
zoo,31,asl_citizen
whiteperson,31,asl_citizen
whip,31,asl_citizen
astronaut,31,asl_citizen
waterski,31,asl_citizen
vitamins,31,asl_citizen
assembly,31,asl_citizen
walk-tightrope-cl,31,asl_citizen
washdishes,31,asl_citizen
washhands,31,asl_citizen
washmachine,31,asl_citizen
waterdrop,31,asl_citizen
wave,31,asl_citizen
align,31,asl_citizen
weave,31,asl_citizen
alright,31,asl_citizen
allway,31,asl_citizen
allover,31,asl_citizen
wewillsee,31,asl_citizen
allgone,31,asl_citizen
alittlebit,31,asl_citizen
brainwash,31,asl_citizen
breaktime,31,asl_citizen
thinkponder,31,asl_citizen
stand-up,31,asl_citizen
spontaneous,31,asl_citizen
comeout,31,asl_citizen
spotsomething,31,asl_citizen
comehere,31,asl_citizen
squareidiot,31,asl_citizen
coins,31,asl_citizen
closeeyes,31,asl_citizen
starbucks,31,asl_citizen
spicy,31,asl_citizen
climbladder,31,asl_citizen
stars,31,asl_citizen
state,31,asl_citizen
client,31,asl_citizen
stayawake24hrs,31,asl_citizen
cleftchin,31,asl_citizen
clash,31,asl_citizen
spitout,31,asl_citizen
spend,31,asl_citizen
thinkover,31,asl_citizen
contactlens,31,asl_citizen
slipper,31,asl_citizen
smellmoney,31,asl_citizen
smoking,31,"asl_citizen,wlasl"
snap,31,asl_citizen
goingthroughahardtime,31,asl_citizen
snorkel,31,asl_citizen
snowsuit,31,asl_citizen
socialize,31,asl_citizen
communication,31,asl_citizen
connection,31,asl_citizen
confidential,31,asl_citizen
confident,31,asl_citizen
concerned,31,asl_citizen
sophisticated,31,asl_citizen
space,31,asl_citizen
spaceship,31,asl_citizen
clap,31,asl_citizen
circuswheel,31,asl_citizen
stockings,31,asl_citizen
temperblowup,31,asl_citizen
carousel,31,asl_citizen
carbattery,31,asl_citizen
sword,31,asl_citizen
takenotes,31,asl_citizen
camcorder,31,asl_citizen
callattention,31,asl_citizen
teenager,31,asl_citizen
tendyour,31,asl_citizen
cigar,31,asl_citizen
bumpy,31,asl_citizen
bullshit,31,asl_citizen
thankyou,31,asl_citizen
budget,31,asl_citizen
bridesmaid,31,asl_citizen
thinkchin,31,asl_citizen
thinkconnect,31,asl_citizen
sweatpants,31,asl_citizen
carve,31,asl_citizen
casual,31,asl_citizen
sushi,31,asl_citizen
churn,31,asl_citizen
chopsticks,31,asl_citizen
strangle,31,asl_citizen
string,31,asl_citizen
stripe,31,asl_citizen
cheer,31,asl_citizen
suck,31,asl_citizen
suckthumb,31,asl_citizen
summarize,31,asl_citizen
charge,31,asl_citizen
superior,31,asl_citizen
supervisor,31,asl_citizen
cellphone,31,asl_citizen
surf,31,asl_citizen
catepillar,31,asl_citizen
gobackandforth,31,asl_citizen
sailboat,31,asl_citizen
memorizememorize,31,asl_citizen
isolated,31,asl_citizen
lipread,31,asl_citizen
marionette,31,asl_citizen
hummingbird,31,asl_citizen
gotojail,31,asl_citizen
movedown,31,asl_citizen
hardofhearing,31,asl_citizen
harmonica,31,asl_citizen
mascara,31,asl_citizen
gothrough,31,asl_citizen
inspiring,31,asl_citizen
nosebleed,31,asl_citizen
instagram,31,asl_citizen
laydown,31,asl_citizen
hen,31,asl_citizen
notathing,31,asl_citizen
headcold,31,asl_citizen
howl,31,asl_citizen
headgrind,31,asl_citizen
mcdonalds,31,asl_citizen
headphones,31,asl_citizen
goosebumps,31,asl_citizen
hotdog,31,asl_citizen
notinterested,31,asl_citizen
hearingaid,31,asl_citizen
leavealone,31,asl_citizen
jar,31,asl_citizen
lawnmower,31,asl_citizen
maple,31,asl_citizen
handsoap,31,asl_citizen
hands,31,asl_citizen
longword,31,asl_citizen
longline,31,asl_citizen
lookat,31,asl_citizen
losegame,31,asl_citizen
lollipop,31,asl_citizen
inch,31,asl_citizen
grieve,31,asl_citizen
inept,31,asl_citizen
luck,31,asl_citizen
letgo,31,asl_citizen
lungs,31,asl_citizen
jigsawpuzzle,31,asl_citizen
livingroom,31,asl_citizen
nailclipper,31,asl_citizen
identity,31,asl_citizen
inhale,31,asl_citizen
icecream,31,asl_citizen
maid,31,asl_citizen
letmesee,31,asl_citizen
hall,31,asl_citizen
grasp,31,asl_citizen
hypocrite,31,asl_citizen
hamster,31,asl_citizen
nonsense,31,asl_citizen
handcuffs,31,asl_citizen
heartbody,31,asl_citizen
grade,31,asl_citizen
intervene,31,asl_citizen
1dollar,31,asl_citizen
highlighter,31,asl_citizen
highschool,31,asl_citizen
holdtogether,31,asl_citizen
kissfist,31,asl_citizen
hinge,31,asl_citizen
goodygoody,31,asl_citizen
leather,31,asl_citizen
intuitive,31,asl_citizen
megaphone,31,asl_citizen
honk,31,asl_citizen
hoe,31,asl_citizen
mess,31,asl_citizen
holdhands,31,asl_citizen
metaphor,31,asl_citizen
hose,31,asl_citizen
notusedto,31,asl_citizen
interested,31,asl_citizen
learnlesson,31,asl_citizen
holdaccountable,31,asl_citizen
notyet,31,asl_citizen
mindturned,31,asl_citizen
reach,30,asl_citizen
elementaryschool,30,asl_citizen
stopwatch,30,asl_citizen
hairclipper,30,asl_citizen
reflect,30,asl_citizen
stumble,30,asl_citizen
hairdresser,30,asl_citizen
shortword,30,asl_citizen
chargecard,30,asl_citizen
emperor,30,asl_citizen
whynot,30,asl_citizen
crewcut,30,asl_citizen
immature,30,asl_citizen
raisin,30,asl_citizen
lastweek,30,asl_citizen
alaska,30,asl_citizen
iloveyou,30,asl_citizen
redfaced,30,asl_citizen
ego,30,asl_citizen
chimney,30,asl_citizen
chew2mouth,30,asl_citizen
nail,30,asl_citizen
jellyfish,30,asl_citizen
shooting,30,asl_citizen
electrocute,30,asl_citizen
effect,30,asl_citizen
chin,30,asl_citizen
suit,30,asl_citizen
realsick,30,asl_citizen
reallyinto,30,asl_citizen
naked,30,asl_citizen
mime,30,asl_citizen
singleout,30,asl_citizen
articulatesign,30,asl_citizen
antlers,30,asl_citizen
sweatshirt,30,asl_citizen
validate,30,asl_citizen
windowopen,30,asl_citizen
swearin,30,asl_citizen
sweat,30,asl_citizen
windy,30,asl_citizen
proximalization,30,asl_citizen
lookforward,30,asl_citizen
lookfor,30,asl_citizen
hadenough,30,asl_citizen
lookback,30,asl_citizen
loyal,30,asl_citizen
propose,30,asl_citizen
wise,30,asl_citizen
damn,30,asl_citizen
incredible,30,asl_citizen
caraccident,30,asl_citizen
signpaper,30,asl_citizen
profoundlydeaf,30,asl_citizen
system,30,asl_citizen
vagina,30,asl_citizen
looklike,30,asl_citizen
hitchhike,30,asl_citizen
punchface,30,asl_citizen
haha,30,asl_citizen
chaos,30,asl_citizen
immerse,30,asl_citizen
stimulate,30,asl_citizen
dealcards,30,asl_citizen
champ,30,asl_citizen
impress,30,asl_citizen
supervise,30,asl_citizen
qtip,30,asl_citizen
navel,30,asl_citizen
navy,30,asl_citizen
putinbackmind,30,asl_citizen
vase,30,asl_citizen
putaside,30,asl_citizen
vanish,30,asl_citizen
celery,30,asl_citizen
shutout,30,asl_citizen
vanilla,30,asl_citizen
caught,30,asl_citizen
agency,30,asl_citizen
mailman,30,asl_citizen
wheelbarrow,30,asl_citizen
wand,30,asl_citizen
massage,30,asl_citizen
archeology,30,asl_citizen
snapstick,30,asl_citizen
headback,30,asl_citizen
splash-ca,30,asl_citizen
seniorcitizen,30,asl_citizen
kissoncheek,30,asl_citizen
dispatch,30,asl_citizen
hongkong,30,asl_citizen
alltogether,30,asl_citizen
dissect,30,asl_citizen
distracted,30,asl_citizen
runoutof,30,asl_citizen
atlanta,30,asl_citizen
alloverbody,30,asl_citizen
vision,30,asl_citizen
well,30,asl_citizen
snail,30,asl_citizen
doesntmatter,30,asl_citizen
dominant,30,asl_citizen
spendlotsofmoney,30,asl_citizen
missing,30,asl_citizen
hood,30,asl_citizen
compass,30,asl_citizen
scrolldown,30,asl_citizen
hell,30,asl_citizen
hearttouch,30,asl_citizen
scout,30,asl_citizen
w.h.a.t,30,asl_citizen
dilemma,30,asl_citizen
computermouse,30,asl_citizen
diningroom,30,asl_citizen
scarmemory,30,asl_citizen
specialist,30,asl_citizen
softball,30,asl_citizen
disagreement,30,asl_citizen
horrible,30,asl_citizen
sow,30,asl_citizen
saxophone,30,asl_citizen
savemoney,30,asl_citizen
assign,30,asl_citizen
meaculpa,30,asl_citizen
highheels,30,asl_citizen
smoke,30,asl_citizen
clause,30,asl_citizen
donkey,30,asl_citizen
handsoff,30,asl_citizen
stapler,30,asl_citizen
delinquent,30,asl_citizen
restless,30,asl_citizen
deliberate,30,asl_citizen
delegate,30,asl_citizen
cranky,30,asl_citizen
clip,30,asl_citizen
hundred,30,asl_citizen
crashplane,30,asl_citizen
allday,30,asl_citizen
eachother,30,asl_citizen
earmuffs,30,asl_citizen
wheel,30,asl_citizen
earsup,30,asl_citizen
steam,30,asl_citizen
ice,30,asl_citizen
walrus,30,asl_citizen
claw,30,asl_citizen
closedoor,30,asl_citizen
mummy,30,asl_citizen
ribbonaward,30,asl_citizen
hang,30,asl_citizen
dontcare,30,asl_citizen
rollupsleeves,30,asl_citizen
rollerskating,30,asl_citizen
rollerblading,30,asl_citizen
harp,30,asl_citizen
holiday,30,asl_citizen
dontneed,30,asl_citizen
jawdrop,30,asl_citizen
dent,30,asl_citizen
dreadlocks,30,asl_citizen
cannon,30,asl_citizen
shakespeare,30,asl_citizen
risk,30,asl_citizen
cowboy,30,asl_citizen
download,30,asl_citizen
shameonyou,30,asl_citizen
jelly,30,asl_citizen
humor,30,asl_citizen
needle,30,asl_citizen
catapult,30,asl_citizen
takepill,30,asl_citizen
instinct,30,asl_citizen
noose,30,asl_citizen
pharmacist,30,asl_citizen
permission,30,asl_citizen
toagoal,30,asl_citizen
unaware,30,asl_citizen
bomb,30,asl_citizen
badge,30,asl_citizen
board,30,asl_citizen
penguin,30,asl_citizen
blush,30,asl_citizen
gotcha,30,asl_citizen
frame,30,asl_citizen
platform,30,asl_citizen
toothbrush-ca,30,asl_citizen
peanutbutter,30,asl_citizen
blouse,30,asl_citizen
limited,30,asl_citizen
payoffbills,30,asl_citizen
twoweeks,30,asl_citizen
freedom,30,asl_citizen
toss,30,asl_citizen
tossout,30,asl_citizen
blink,30,asl_citizen
notcare,30,asl_citizen
boston,30,asl_citizen
invisible,30,asl_citizen
lips,30,asl_citizen
fit,30,asl_citizen
braille,30,asl_citizen
fifth,30,asl_citizen
plain,30,asl_citizen
tickle,30,asl_citizen
pjs,30,asl_citizen
grandparents,30,asl_citizen
backup,30,asl_citizen
nobigdeal,30,asl_citizen
noise,30,asl_citizen
backyard,30,asl_citizen
pinon,30,asl_citizen
inject,30,asl_citizen
finger,30,asl_citizen
fingerscrossed,30,asl_citizen
knownothing,30,asl_citizen
fingerspelling,30,asl_citizen
graduateschool,30,asl_citizen
timeout,30,asl_citizen
timeprogress,30,asl_citizen
fins,30,asl_citizen
fired,30,asl_citizen
picnic,30,asl_citizen
firetruck,30,asl_citizen
nothingatall,30,asl_citizen
blank,30,asl_citizen
park,30,asl_citizen
gesture,30,asl_citizen
option,30,asl_citizen
getinformationoutof,30,asl_citizen
operatemachine,30,asl_citizen
intentional,30,asl_citizen
openwallet,30,asl_citizen
openbook,30,asl_citizen
getoff,30,asl_citizen
truebusiness,30,asl_citizen
ooh,30,asl_citizen
beat,30,asl_citizen
oneyearago,30,asl_citizen
tubetop,30,asl_citizen
zipper,30,asl_citizen
oldest,30,asl_citizen
turban,30,asl_citizen
obvious,30,asl_citizen
ohisee,30,asl_citizen
turnaround,30,asl_citizen
goahead,30,asl_citizen
goatee,30,asl_citizen
offhand,30,asl_citizen
turnkey,30,asl_citizen
zoomin,30,asl_citizen
knockoff,30,asl_citizen
bend,30,asl_citizen
blackbird,30,asl_citizen
numbers,30,asl_citizen
paranoid,30,asl_citizen
fromthenon,30,asl_citizen
notmind,30,asl_citizen
frustrate,30,asl_citizen
twoofus,30,asl_citizen
fry,30,asl_citizen
pair,30,asl_citizen
notunderstand,30,asl_citizen
biteonneck,30,asl_citizen
fuzzy,30,asl_citizen
pageant,30,asl_citizen
insult,30,asl_citizen
garlic,30,asl_citizen
bitch,30,asl_citizen
lightson,30,asl_citizen
bind,30,asl_citizen
overnight,30,asl_citizen
transgender,30,asl_citizen
gateclose,30,asl_citizen
barrette,30,asl_citizen
trash,30,asl_citizen
goodygoodyshoeopposite,30,asl_citizen
intelligent,30,asl_citizen
thunder,30,asl_citizen
signingfluently,30,asl_citizen
throwaway,30,asl_citizen
jumprope,30,asl_citizen
fade,30,asl_citizen
grind,30,asl_citizen
bubbles,30,asl_citizen
universe,30,asl_citizen
these,30,asl_citizen
porcupine,30,asl_citizen
pope,30,asl_citizen
thinkpenetrate,30,asl_citizen
brick,30,asl_citizen
a-linebob,30,asl_citizen
fan,30,asl_citizen
poolgame,30,asl_citizen
thinkobsess,30,asl_citizen
newstome,30,asl_citizen
theatre,30,asl_citizen
juggler,30,asl_citizen
acquire,30,asl_citizen
bulldozer,30,asl_citizen
net,30,asl_citizen
indian,30,asl_citizen
burn,30,asl_citizen
tendency,30,asl_citizen
temporary,30,asl_citizen
nerve,30,asl_citizen
busted,30,asl_citizen
growup,30,asl_citizen
experienced,30,asl_citizen
buttons,30,asl_citizen
cameraman,30,asl_citizen
tanktop,30,asl_citizen
talkdirty,30,asl_citizen
newyork,30,asl_citizen
faint,30,asl_citizen
thoughtdisappear,30,asl_citizen
pliers,30,asl_citizen
this/it,30,asl_citizen
thrilled,30,asl_citizen
nextto,30,asl_citizen
fencing,30,asl_citizen
greenbeans,30,asl_citizen
faucet,30,asl_citizen
nextyear,30,asl_citizen
fedup,30,asl_citizen
runfaucet,29,asl_citizen
racecartrack,29,asl_citizen
pressinmind,29,asl_citizen
shield,29,asl_citizen
hatbrim,29,asl_citizen
overtake,29,asl_citizen
resent,29,asl_citizen
itch,29,asl_citizen
sandals,29,asl_citizen
longago,29,asl_citizen
lightcandle,29,asl_citizen
bleed,29,asl_citizen
longtime,29,asl_citizen
halfhour,29,asl_citizen
frisk,29,asl_citizen
stretch-ca,29,asl_citizen
iphone,29,asl_citizen
village,29,asl_citizen
makebelieve,29,asl_citizen
juggle,29,asl_citizen
steak,29,asl_citizen
remind,29,asl_citizen
lightweight,29,asl_citizen
triple,29,asl_citizen
escalate,29,asl_citizen
tear,29,asl_citizen
nextdown,29,asl_citizen
cherish,29,asl_citizen
social,29,asl_citizen
dribble,29,asl_citizen
signlanguage,29,asl_citizen
cape,29,asl_citizen
videogame,29,asl_citizen
letknow,29,asl_citizen
yay,29,asl_citizen
tablet,29,asl_citizen
dart,29,asl_citizen
bun,29,asl_citizen
yeah,29,asl_citizen
polish,29,asl_citizen
catchbaseball,29,asl_citizen
thinkexpand,29,asl_citizen
persistent,29,asl_citizen
hotcompetition,29,asl_citizen
perceive,29,asl_citizen
eclipse,29,asl_citizen
unicorn,29,asl_citizen
forget,29,"msasl,wlasl"
forfeit,29,asl_citizen
hangclothes,28,asl_citizen
beautiful,23,"msasl,wlasl"
mexico,21,"msasl,wlasl"
ten,21,"msasl,wlasl"
short,21,"msasl,wlasl"
television,20,"msasl,wlasl"
awful,20,"msasl,wlasl"
girlfriend,20,"msasl,wlasl"
speech,19,"msasl,wlasl"
thanks,19,msasl
india,19,"msasl,wlasl"
afraid,19,"msasl,wlasl"
sixteen,18,"msasl,wlasl"
police,18,"msasl,wlasl"
howmany,18,msasl
not know,17,msasl
born,17,msasl
eighteen,16,"msasl,wlasl"
shock,16,"msasl,wlasl"
iran,16,"msasl,wlasl"
asl,16,"msasl,wlasl"
their,16,"msasl,wlasl"
scotland,15,"msasl,wlasl"
spanish,15,"msasl,wlasl"
interesting,15,"msasl,wlasl"
five,15,"msasl,wlasl"
hard of hearing,15,"msasl,wlasl"
number,15,"msasl,wlasl"
nervous,15,"msasl,wlasl"
freeze cream,15,msasl
nineteen,15,"msasl,wlasl"
dollar,15,"msasl,wlasl"
schedule,15,"msasl,wlasl"
explain,14,"msasl,wlasl"
arrogant,14,"msasl,wlasl"
high school,14,"msasl,wlasl"
midnight,14,"msasl,wlasl"
sore throat,14,"msasl,wlasl"
firefighter,14,"msasl,wlasl"
twenty,14,msasl
sugar,14,"msasl,wlasl"
autumn,14,"msasl,wlasl"
hoddog,14,msasl
trade,13,wlasl
tend,13,"msasl,wlasl"
separate,13,"msasl,wlasl"
ireland,13,"msasl,wlasl"
laundry,13,"msasl,wlasl"
cant,13,msasl
librarian,13,"msasl,wlasl"
get up,13,"msasl,wlasl"
apartment,13,"msasl,wlasl"
swimming,13,"msasl,wlasl"
search,13,"msasl,wlasl"
all day,13,"msasl,wlasl"
build,13,"msasl,wlasl"
classroom,12,"msasl,wlasl"
education,12,"msasl,wlasl"
sleepy,12,"msasl,wlasl"
watermelon,12,"msasl,wlasl"
dorm,12,"msasl,wlasl"
depressed,12,"msasl,wlasl"
theater,12,"msasl,wlasl"
not want,12,msasl
senior,12,"msasl,wlasl"
polite,12,"msasl,wlasl"
artist,12,"msasl,wlasl"
last year,12,"msasl,wlasl"
chemistry,12,"msasl,wlasl"
south america,12,"msasl,wlasl"
next week,12,msasl
rubber,12,"msasl,wlasl"
i,12,"msasl,wlasl"
manager,11,"msasl,wlasl"
not understand,11,msasl
cuba,11,"msasl,wlasl"
not like,11,msasl
go to,11,msasl
last week,11,"msasl,wlasl"
every morning,11,msasl
inform,11,"msasl,wlasl"
jail,11,"msasl,wlasl"
bookstore,11,"msasl,wlasl"
algebra,11,"msasl,wlasl"
loan,11,"msasl,wlasl"
not yet,11,"msasl,wlasl"
thirteen,11,msasl
broke,11,"msasl,wlasl"
also,11,"msasl,wlasl"
twelve,11,msasl
cent,11,"msasl,wlasl"
delay,11,wlasl
austria,11,"msasl,wlasl"
sweden,11,"msasl,wlasl"
proud,11,"msasl,wlasl"
geometry,10,"msasl,wlasl"
photographer,10,"msasl,wlasl"
30,10,msasl
flirt,10,"msasl,wlasl"
cochlear implant,10,"msasl,wlasl"
netherlands,10,msasl
spring up,10,msasl
minus,10,"msasl,wlasl"
calculus,10,"msasl,wlasl"
bitter,10,"msasl,wlasl"
gymnastics,10,"msasl,wlasl"
25,10,msasl
every night,10,msasl
how are you,10,msasl
whats up,10,msasl
hong kong,9,msasl
around,9,"msasl,wlasl"
town,9,wlasl
subway,9,"msasl,wlasl"
correct,9,wlasl
iraq,9,msasl
intersection,9,"msasl,wlasl"
sign language,9,"msasl,wlasl"
frustrated,9,msasl
disgusted,9,"msasl,wlasl"
dining room,9,"msasl,wlasl"
ago,9,wlasl
every afternoon,9,msasl
annoy,9,"msasl,wlasl"
seventeen,9,msasl
poland,9,msasl
next year,9,msasl
fifteen,9,msasl
finland,9,msasl
personality,9,"msasl,wlasl"
norway,9,msasl
france fries,9,msasl
excuse me,9,msasl
22,9,msasl
21,9,msasl
cabinets,8,msasl
taiwan,8,msasl
vietnam,8,msasl
question,8,"msasl,wlasl"
present,8,wlasl
presentation,8,wlasl
long hair,8,msasl
choose,8,wlasl
temperature,8,wlasl
card,8,wlasl
during,8,"msasl,wlasl"
already,8,wlasl
approve,8,wlasl
her,8,wlasl
exchange,8,wlasl
cop,8,wlasl
choice,8,wlasl
all night,8,msasl
vice president,8,"msasl,wlasl"
grey,8,"msasl,wlasl"
only,8,"msasl,wlasl"
gasoline,8,"msasl,wlasl"
allergy,8,wlasl
spin,8,wlasl
medium,8,msasl
fourteen,8,msasl
28,8,msasl
spray,8,wlasl
allow,8,wlasl
ketchup,8,msasl
come here,8,wlasl
every week,8,msasl
autumn in love,8,msasl
korea,8,msasl
overwhelm,8,wlasl
nice to meet you,8,msasl
living room,8,msasl
shine,8,wlasl
sky,8,wlasl
encourage,7,wlasl
quick,7,wlasl
raccoon,7,wlasl
beginning,7,wlasl
emergency,7,"msasl,wlasl"
26,7,msasl
rehearse,7,wlasl
christian,7,wlasl
care,7,wlasl
educate,7,wlasl
ice cream,7,wlasl
represent,7,wlasl
review,7,wlasl
rise,7,wlasl
spirit,7,wlasl
store,7,wlasl
look at,7,"msasl,wlasl"
professional,7,wlasl
brush teeth,7,msasl
limit,7,wlasl
peaceful,7,wlasl
24,7,msasl
nosy,7,msasl
food,7,wlasl
23,7,msasl
29,7,msasl
flexible,7,wlasl
oversleep,7,msasl
information,7,wlasl
geography,7,wlasl
a lot,7,wlasl
fancy,7,wlasl
themselves,7,wlasl
less than,7,msasl
thank you,7,wlasl
prepare,7,wlasl
best friend,7,msasl
calculate,7,wlasl
belief,7,wlasl
exam,7,msasl
camp,7,"msasl,wlasl"
27,7,msasl
private,7,wlasl
neighbor,7,wlasl
take turns,7,wlasl
large,7,wlasl
procrastinate,7,wlasl
discover,7,wlasl
describe,7,wlasl
compare,7,wlasl
herself,7,wlasl
service,7,wlasl
highway,7,wlasl
wash face,7,"msasl,wlasl"
contribute,7,wlasl
mom,7,wlasl
depend,7,wlasl
denmark,7,msasl
hearing help,7,msasl
dad,7,wlasl
eye,6,wlasl
tender,6,wlasl
terrible,6,wlasl
bush,6,wlasl
across,6,wlasl
temple,6,wlasl
telephone,6,wlasl
witness,6,wlasl
adapt,6,wlasl
bully,6,wlasl
desk,6,wlasl
tale,6,wlasl
exact,6,wlasl
symbol,6,wlasl
angle,6,wlasl
every year,6,msasl
congress,6,wlasl
embarrassed,6,msasl
solid,6,wlasl
suggest,6,wlasl
quote,6,wlasl
engaged,6,msasl
august,6,wlasl
hi,6,msasl
surface,6,wlasl
purpose,6,wlasl
affect,6,wlasl
puerto rico,6,msasl
publish,6,wlasl
hid,6,msasl
protect,6,wlasl
constitution,6,wlasl
precipitation,6,wlasl
thailand,6,wlasl
fact,6,wlasl
wonderful,6,wlasl
gather,6,wlasl
path,6,wlasl
french fries,6,wlasl
curriculum,6,wlasl
notice,6,wlasl
curse,6,wlasl
hill,6,"msasl,wlasl"
apostrophe,6,wlasl
general,6,wlasl
tooth,6,wlasl
dangerous,6,wlasl
below,6,wlasl
similar,6,wlasl
operate,6,wlasl
trust,6,wlasl
give up,6,wlasl
offer,6,wlasl
curly hair,6,msasl
investigate,6,wlasl
pray,6,wlasl
shelves,6,msasl
recover,6,wlasl
pound,6,wlasl
demonstrate,6,wlasl
thing,6,wlasl
crab,6,wlasl
politics,6,wlasl
she,6,wlasl
pocket,6,wlasl
sketch,6,wlasl
thousand,6,wlasl
skinny,6,wlasl
deduct,6,wlasl
physician,6,wlasl
phrase,6,wlasl
flat tire,6,msasl
philippines,6,msasl
jesus,6,wlasl
printer,6,wlasl
willing,6,wlasl
do,6,msasl
disgust,6,wlasl
confront,6,wlasl
meaning,6,"msasl,wlasl"
say,6,wlasl
stove,6,msasl
maximum,6,wlasl
motivate,6,wlasl
attract,6,wlasl
diarrhea,6,wlasl
second,6,wlasl
sprint,6,wlasl
don't want,6,wlasl
hallway,6,msasl
multiply,6,wlasl
compromise,6,wlasl
steel,6,wlasl
clever,6,wlasl
require,6,wlasl
choir,6,wlasl
dull,6,wlasl
spell,6,wlasl
german,5,wlasl
throat,5,wlasl
interrupt,5,wlasl
robber,5,wlasl
crave,5,wlasl
background,5,wlasl
done,5,wlasl
pneumonia,5,wlasl
fear,5,wlasl
twin,5,wlasl
attend,5,wlasl
message,5,wlasl
thrill,5,wlasl
through,5,wlasl
oh i see,5,msasl
play cardss,5,msasl
lady,5,wlasl
defend,5,wlasl
obtain,5,wlasl
june,5,wlasl
grateful,5,wlasl
complete,5,wlasl
graduation,5,wlasl
final,5,wlasl
insect,5,wlasl
polar bear,5,wlasl
coat,5,wlasl
inspect,5,wlasl
fall in love,5,wlasl
recognize,5,wlasl
alligator,5,wlasl
worker,5,wlasl
standard,5,wlasl
them,5,wlasl
theme,5,wlasl
reveal,5,wlasl
potential,5,wlasl
soul,5,wlasl
tutor,5,wlasl
able,5,wlasl
january,5,wlasl
brief,5,wlasl
thick,5,wlasl
abdomen,5,wlasl
october,5,wlasl
false,5,msasl
drama,5,wlasl
united states,5,wlasl
clumsy,5,wlasl
worthless,5,wlasl
speak,5,wlasl
waterfall,5,wlasl
washington,5,wlasl
beside,5,wlasl
command,5,wlasl
blend,5,wlasl
freshman,5,msasl
goodbye,5,wlasl
disagree,5,wlasl
from now on,5,wlasl
satisfy,5,wlasl
painter,5,wlasl
funeral,5,wlasl
speed,5,wlasl
another,5,wlasl
jam,5,msasl
common,5,wlasl
tranquil,5,wlasl
dead,5,wlasl
november,5,wlasl
overcome,5,wlasl
more than,5,msasl
opposite,5,wlasl
hearing aid,5,wlasl
organize,5,wlasl
numerous,5,wlasl
simple,5,wlasl
salary,5,wlasl
pause,5,wlasl
almost,5,wlasl
common sense,5,wlasl
motor,5,wlasl
silent,5,wlasl
decrease,5,wlasl
diploma,5,wlasl
title,5,wlasl
approach,5,wlasl
dirt,5,wlasl
skeleton,5,wlasl
appreciate,5,wlasl
praise,5,wlasl
disturb,5,wlasl
short hair,5,msasl
liability,5,wlasl
pennsylvania,5,wlasl
apply,5,msasl
appetite,5,wlasl
tonight,5,wlasl
baptize,5,wlasl
size,5,wlasl
december,5,wlasl
peanut butter,5,wlasl
nuts,5,msasl
forgive,5,wlasl
refer,5,wlasl
dime,5,wlasl
joy,5,wlasl
reject,5,wlasl
establish,5,wlasl
increase,5,wlasl
authority,5,wlasl
eternity,5,wlasl
sea,5,wlasl
hot dog,5,wlasl
every,5,wlasl
relate,5,wlasl
every monday,5,wlasl
prove,5,wlasl
song,5,wlasl
economics,5,msasl
carnival,5,wlasl
archery,5,wlasl
every tuesday,5,wlasl
swimsuit,5,wlasl
economy,5,wlasl
amputate,5,wlasl
preach,5,wlasl
professor,5,wlasl
construct,5,wlasl
wake up,5,wlasl
selfish,5,wlasl
identify,5,wlasl
enormous,5,wlasl
england,5,wlasl
put off,5,wlasl
illegal,5,wlasl
chemical,5,wlasl
auction,5,wlasl
electricity,5,wlasl
receive,5,wlasl
aim,5,wlasl
referee,5,wlasl
image,5,wlasl
aid,5,wlasl
chicken,5,wlasl
diabetes,5,wlasl
suffer,5,wlasl
all morning,5,msasl
someday,5,wlasl
nation,5,wlasl
chapter,5,wlasl
engage,5,wlasl
connect,5,wlasl
engine,5,wlasl
sunshine,5,wlasl
agree,5,wlasl
host,5,wlasl
daily,5,wlasl
take care,5,msasl
concern,5,wlasl
that one,5,msasl
control,5,wlasl
active,5,wlasl
within,5,wlasl
september,5,wlasl
snack,5,wlasl
leader,5,wlasl
reputation,5,wlasl
involve,5,wlasl
musician,5,msasl
viewpoint,5,wlasl
button,5,wlasl
principle,5,wlasl
rent,5,wlasl
telescope,5,wlasl
prevent,5,wlasl
pressure,5,wlasl
i love you,5,msasl
deposit,5,wlasl
counsel,5,wlasl
appropriate,5,wlasl
repeat,5,wlasl
activity,5,wlasl
except,5,wlasl
remote control,5,wlasl
candidate,5,wlasl
thankful,5,wlasl
odor,5,wlasl
heart attack,5,wlasl
anniversary,5,wlasl
dusk,5,wlasl
climb,5,wlasl
testify,5,wlasl
rely,5,wlasl
conversation,5,wlasl
cover,5,wlasl
exaggerate,5,wlasl
melody,5,wlasl
ears,5,msasl
discipline,5,wlasl
audiologist,4,wlasl
absent,4,msasl
karate,4,wlasl
let,4,wlasl
july,4,wlasl
aware,4,wlasl
anyway,4,wlasl
ahead,4,wlasl
b,4,wlasl
audiology,4,wlasl
w,4,wlasl
vacant,4,wlasl
available,4,wlasl
last month,4,msasl
k,4,wlasl
anatomy,4,wlasl
v,4,wlasl
yearbook,4,msasl
vague,4,wlasl
adjective,4,wlasl
attorney,4,wlasl
adjust,4,wlasl
u,4,wlasl
j,4,wlasl
advanced,4,wlasl
legal,4,wlasl
adverb,4,wlasl
janitor,4,msasl
lake,4,msasl
weekly,4,wlasl
a,4,wlasl
author,4,wlasl
assume,4,wlasl
agenda,4,wlasl
odd,4,wlasl
battle,4,wlasl
retreat,4,wlasl
dvd,4,wlasl
e,4,wlasl
reply,4,wlasl
effort,4,wlasl
n,4,wlasl
recommend,4,wlasl
recliner,4,wlasl
realize,4,wlasl
real,4,wlasl
elementary,4,wlasl
elementary school,4,msasl
rather,4,wlasl
emotional,4,msasl
rage,4,wlasl
narrow,4,wlasl
r,4,wlasl
quarrel,4,wlasl
engineering,4,msasl
q,4,wlasl
responsible,4,wlasl
ridiculous,4,wlasl
customer,4,wlasl
downstairs,4,wlasl
d,4,wlasl
damage,4,wlasl
dawn,4,wlasl
debate,4,wlasl
debt,4,wlasl
deliver,4,wlasl
democrat,4,wlasl
settle,4,wlasl
detach,4,wlasl
mistake,4,wlasl
determine,4,wlasl
difficult,4,wlasl
monthly,4,wlasl
discount,4,wlasl
salute,4,wlasl
dismiss,4,wlasl
s,4,wlasl
motivated,4,msasl
division,4,wlasl
putdown,4,msasl
pursue,4,wlasl
pure,4,wlasl
purchase,4,wlasl
nickel,4,wlasl
grandma,4,wlasl
pilot,4,wlasl
piece,4,wlasl
flatter,4,wlasl
northwest,4,wlasl
permit,4,wlasl
flood,4,wlasl
florida,4,wlasl
penalty,4,wlasl
pay attention,4,wlasl
part,4,wlasl
g,4,wlasl
gang,4,wlasl
p,4,wlasl
nun,4,wlasl
o,4,wlasl
objective,4,wlasl
good morning,4,msasl
festival,4,wlasl
player,4,wlasl
federal,4,wlasl
exhibit,4,wlasl
necessary,4,wlasl
evening,4,wlasl
pshaw,4,msasl
h,4,wlasl
prostitute,4,wlasl
proper,4,wlasl
progress,4,wlasl
profit,4,wlasl
expand,4,wlasl
farmer,4,wlasl
precise,4,wlasl
grow up,4,wlasl
f,4,wlasl
poverty,4,wlasl
fairy,4,wlasl
position,4,wlasl
portugal,4,msasl
new york,4,wlasl
sin,4,wlasl
descend,4,wlasl
singer,4,wlasl
cabbage,4,wlasl
take up,4,wlasl
look like,4,msasl
t,4,wlasl
lord,4,wlasl
surrender,4,wlasl
caterpillar,4,wlasl
surfing,4,msasl
curtains,4,msasl
include,4,wlasl
superman,4,wlasl
center school,4,msasl
sue,4,wlasl
m,4,wlasl
ill,4,wlasl
christ,4,wlasl
ice-skating,4,msasl
stitch,4,wlasl
talent,4,wlasl
long ago,4,msasl
collect,4,wlasl
individual,4,wlasl
trigonometry,4,msasl
bible,4,wlasl
bike,4,wlasl
transform,4,wlasl
torture,4,wlasl
tolerate,4,wlasl
toilet paper,4,wlasl
boast,4,wlasl
lip,4,wlasl
tiptoe,4,wlasl
braid,4,wlasl
brain,4,wlasl
this,4,wlasl
break up,4,msasl
local,4,wlasl
breeze,4,wlasl
brochure,4,wlasl
statistics,4,wlasl
suppose,4,wlasl
conquer,4,wlasl
crush,4,wlasl
skip,4,wlasl
consider,4,wlasl
contest,4,wlasl
cruel,4,wlasl
soldier,4,wlasl
solve,4,wlasl
somewhere,4,wlasl
human,4,wlasl
compete,4,wlasl
south africa,4,msasl
company,4,wlasl
convert,4,wlasl
copy me,4,msasl
commit,4,wlasl
spit,4,wlasl
court,4,wlasl
mature,4,wlasl
comma,4,wlasl
credit card,4,msasl
pool,3,msasl
shopping,3,wlasl
tempt,3,wlasl
hike,3,msasl
texas,3,wlasl
bookshelf,3,wlasl
familiar,3,wlasl
seldom,3,wlasl
therefore,3,wlasl
50,3,msasl
bribe,3,wlasl
wrench,3,wlasl
contract,3,wlasl
detective,3,wlasl
international,3,wlasl
little bit,3,wlasl
upstairs,3,wlasl
come on,3,msasl
grocery store,3,msasl
argentina,3,msasl
half hour,3,msasl
occur,3,wlasl
olympics,3,wlasl
report,3,wlasl
else,3,wlasl
chef,3,msasl
student center,3,msasl
restroom,3,wlasl
hang up,3,wlasl
hippopotamus,3,wlasl
concentrate,3,wlasl
someone,3,wlasl
cashier,3,msasl
hold on,3,msasl
tower,3,wlasl
captain,3,wlasl
negotiate,3,wlasl
princess,3,wlasl
partner,3,msasl
preschool,3,wlasl
eye contact,3,msasl
look for,3,wlasl
military,3,wlasl
line up,2,msasl
pow,2,msasl
post,2,wlasl
disappointed,2,msasl
take off,2,msasl
propaganda,2,wlasl
careless,2,wlasl
mainstreamed,2,msasl
stepfather,2,wlasl
100,2,msasl
skateboard,1,msasl
hashtag,1,msasl
love it,1,msasl
good afternoon,1,msasl
